StudyFolder, ScenarioName, Did the driver signal, How does vehicle speed change?                     , How does pedestrian speed change?                   , Who has the right of way?（Who reached the intersection first?）, Who went first？   , Did the pedestrian use hand gestures?, Did the driver use hand gestures?
           ,             , Yes / No             , Slowing down / Speeding up / No change / Not moving, Slowing down / Speeding up / No change / Not walking, Driver / Pedestrian / Both / Neither                            , Driver / Pedestrian, Yes / No                             , Yes / No
PedNYC1    ,            3, Yes                  , Slowing down                                       , No change                                           , Pedestrian                                                      , Pedestrian         , No                                   , 
PedNYC1    ,            7, No                   , Slowing down                                       , No change                                           , Pedestrian                                                      , Pedestrian         , No                                   , 
PedNYC1    ,           12, Yes                  , Slowing down                                       , No change                                           , Both                                                            , Driver             , No                                   , 
PedNYC1    ,           15, Yes                  , Not moving                                         , Slowing down                                        , Pedestrian                                                      , Pedestrian         , No                                   , 
PedNYC1    ,           16, No                   , No change                                          , No change                                           , Both                                                            , Driver             , No                                   , 
PedNYC1    ,           21, Yes                  , Slowing down                                       , No change                                           , Pedestrian                                                      , Pedestrian         , No                                   , 
PedNYC2    ,            3, No                   , Slowing down                                       , No change                                           , Driver                                                          , Driver             , No                                   , 
PedNYC2    ,            7, No                   , Slowing down                                       , No change                                           , Pedestrian                                                      , Pedestrian         , No                                   , 
PedNYC2    ,           12, Yes                  , Slowing down                                       , No change                                           , Both                                                            , Driver             , No                                   , 
PedNYC2    ,           15, Yes                  , Slowing down                                       , No change                                           , Both                                                            , Driver             , No                                   , 
PedNYC2    ,           16, No                   , No change                                          , No change                                           , Both                                                            , Driver             , No                                   , 
PedNYC2    ,           21, No                   , No change                                          , No change                                           , Neither                                                         , Pedestrian         , No                                   , 
PedNYC3    ,            3, Yes                  , Slowing down                                       , Slowing down                                        , Both                                                            , Driver             , Yes                                  , 
PedNYC3    ,            7, No                   , No change                                          , Slowing down                                        , Pedestrian                                                      , Driver             , No                                   , 
PedNYC3    ,           12, Yes                  , No change                                          , No change                                           , Both                                                            , Driver             , No                                   , 
PedNYC3    ,           15, Yes                  , Not moving                                         , Not walking                                         , Pedestrian                                                      , Driver             , No                                   , 
PedNYC3    ,           16, No                   , Slowing down                                       , Not walking                                         , Both                                                            , Driver             , No                                   , 
PedNYC3    ,           21, Yes                  , Slowing down                                       , Slowing down                                        , Pedestrian                                                      , Pedestrian         , Yes                                  , 
PedNYC4    ,            3, Yes                  , Slowing down                                       , No change                                           , Pedestrian                                                      , Pedestrian         , No                                   , 
PedNYC4    ,            7, No                   , Speeding up                                        , No change                                           , Driver                                                          , Driver             , No                                   , 
PedNYC4    ,           12, Yes                  , Slowing down                                       , Slowing down                                        , Both                                                            , Driver             , No                                   , 
PedNYC4    ,           15, Yes                  , Slowing down                                       , Not walking                                         , Pedestrian                                                      , Driver             , Yes                                  , 
PedNYC4    ,           16, No                   , No change                                          , Not walking                                         , Both                                                            , Driver             , No                                   , 
PedNYC4    ,           21, Yes                  , Slowing down                                       , No change                                           , Pedestrian                                                      , Pedestrian         , No                                   , 
PedNYC5    ,            3, Yes                  , Slowing down                                       , Slowing down                                        , Driver                                                          , Driver             , No                                   , 
PedNYC5    ,            7, No                   , Speeding up                                        , No change                                           , Driver                                                          , Driver             , No                                   , 
PedNYC5    ,           12, Yes                  , No change                                          , Not walking                                         , Both                                                            , Driver             , No                                   , 
PedNYC5    ,           15, Yes                  , Slowing down                                       , Slowing down                                        , Pedestrian                                                      , Pedestrian         , Yes                                  , 
PedNYC5    ,           16, No                   , Slowing down                                       , Slowing down                                        , Both                                                            , Driver             , No                                   , 
PedNYC5    ,           21, Yes                  , Slowing down                                       , No change                                           , Pedestrian                                                      , Pedestrian         , No                                   , 
PedNYC6    ,            3,                      ,                                                    ,                                                     ,                                                                 ,                    ,                                      , 
PedNYC6    ,            7, No                   , Slowing down                                       , No change                                           , Driver                                                          , Driver             , No                                   , 
PedNYC6    ,           12,                      ,                                                    ,                                                     ,                                                                 ,                    ,                                      , 
PedNYC6    ,           15, Yes                  , Not moving                                         , Not walking                                         , Both                                                            , Driver             , Yes                                  , 
PedNYC6    ,           16,                      ,                                                    ,                                                     ,                                                                 ,                    ,                                      , 
PedNYC6    ,           21, Yes                  , Slowing down                                       , No change                                           , Pedestrian                                                      , Pedestrian         , No                                   , 
PedNYC7    ,            3, Yes                  , Slowing down                                       , No change                                           , Driver                                                          , Driver             , No                                   , 
PedNYC7    ,            7, No                   , Slowing down                                       , No change                                           , Pedestrian                                                      , Pedestrian         , No                                   , 
PedNYC7    ,           12, Yes                  , No change                                          , No change                                           , Both                                                            , Driver             , No                                   , 
PedNYC7    ,           15, No                   , No change                                          , Slowing down                                        , Both                                                            , Driver             , No                                   , 
PedNYC7    ,           16, No                   , Slowing down                                       , Slowing down                                        , Both                                                            , Driver             , No                                   , 
PedNYC7    ,           21, No                   , Slowing down                                       , No change                                           , Pedestrian                                                      , Pedestrian         , No                                   , 
PedNYC8    ,            3, Yes                  , Slowing down                                       , Speeding up                                         , Pedestrian                                                      , Pedestrian         , No                                   , 
PedNYC8    ,            7, No                   , Slowing down                                       , Not walking                                         , Pedestrian                                                      , Driver             , No                                   , 
PedNYC8    ,           12, Yes                  , Slowing down                                       , No change                                           , Both                                                            , Pedestrian         , No                                   , 
PedNYC8    ,           15, Yes                  , Slowing down                                       , No change                                           , Pedestrian                                                      , Pedestrian         , No                                   , 
PedNYC8    ,           16, No                   , No change                                          , No change                                           , Both                                                            , Driver             , No                                   , 
PedNYC8    ,           21, Yes                  , Slowing down                                       , No change                                           , Pedestrian                                                      , Pedestrian         , No                                   , 
PedNYC9    ,            3, Yes                  , Slowing down                                       , Slowing down                                        , Pedestrian                                                      , Pedestrian         , Yes                                  , 
PedNYC9    ,            7, No                   , Slowing down                                       , Slowing down                                        , Pedestrian                                                      , Pedestrian         , Yes                                  , 
PedNYC9    ,           12, No                   , Slowing down                                       , No change                                           , Both                                                            , Driver             , No                                   , 
PedNYC9    ,           15, No                   , No change                                          , No change                                           , Neither                                                         , Driver             , No                                   , 
PedNYC9    ,           16, No                   , Slowing down                                       , No change                                           , Both                                                            , Driver             , No                                   , 
PedNYC9    ,           21, No                   , No change                                          , No change                                           , Both                                                            , Driver             , No                                   , 
PedNYC10   ,            3, Yes                  , Slowing down                                       , Slowing down                                        , Both                                                            , Pedestrian         , Yes                                  , 
PedNYC10   ,            7, No                   , Slowing down                                       , No change                                           , Pedestrian                                                      , Pedestrian         , No                                   , 
PedNYC10   ,           12, Yes                  , Slowing down                                       , Slowing down                                        , Both                                                            , Driver             , No                                   , 
PedNYC10   ,           15,                      ,                                                    ,                                                     ,                                                                 ,                    ,                                      , 
PedNYC10   ,           16, No                   , No change                                          , No change                                           , Both                                                            , Driver             , No                                   , 
PedNYC10   ,           21, Yes                  , Not moving                                         , No change                                           , Pedestrian                                                      , Pedestrian         , No                                   , 
PedNYC11   ,            3, Yes                  , Slowing down                                       , Slowing down                                        , Driver                                                          , Driver             , No                                   , 
PedNYC11   ,            7, No                   , No change                                          , No change                                           , Both                                                            , Driver             , Yes                                  , 
PedNYC11   ,           12, Yes                  , Slowing down                                       , No change                                           , Both                                                            , Driver             , No                                   , 
PedNYC11   ,           15, Yes                  , Slowing down                                       , Slowing down                                        , Driver                                                          , Pedestrian         , Yes                                  , 
PedNYC11   ,           16, No                   , No change                                          , No change                                           , Both                                                            , Driver             , No                                   , 
PedNYC11   ,           21, Yes                  , Not moving                                         , No change                                           , Pedestrian                                                      , Pedestrian         , No                                   , 
PedNYC12   ,            3, Yes                  , Slowing down                                       , No change                                           , Driver                                                          , Driver             , No                                   , 
PedNYC12   ,            7, No                   , No change                                          , Slowing down                                        , Both                                                            , Driver             , No                                   , 
PedNYC12   ,           12, Yes                  , Slowing down                                       , No change                                           , Both                                                            , Driver             , No                                   , 
PedNYC12   ,           15, Yes                  , Slowing down                                       , Slowing down                                        , Driver                                                          , Driver             , No                                   , 
PedNYC12   ,           16, No                   , No change                                          , Slowing down                                        , Both                                                            , Driver             , No                                   , 
PedNYC12   ,           21, Yes                  , Slowing down                                       , Slowing down                                        , Pedestrian                                                      , Pedestrian         , Yes                                  , 
PedNYC13   ,            3, Yes                  , Slowing down                                       , Speeding up                                         , Pedestrian                                                      , Pedestrian         , No                                   , 
PedNYC13   ,            7, No                   , Slowing down                                       , No change                                           , Pedestrian                                                      , Pedestrian         , No                                   , 
PedNYC13   ,           12, Yes                  , No change                                          , Not walking                                         , Both                                                            , Driver             , No                                   , 
PedNYC13   ,           15, No                   , No change                                          , No change                                           , Neither                                                         , Driver             , No                                   , 
PedNYC13   ,           16, No                   , No change                                          , No change                                           , Both                                                            , Driver             , No                                   , 
PedNYC13   ,           21, Yes                  , Slowing down                                       , No change                                           , Pedestrian                                                      , Pedestrian         , No                                   , 
PedNYC15   ,            3, Yes                  , Slowing down                                       , No change                                           , Driver                                                          , Pedestrian         , No                                   , 
PedNYC15   ,            7,                      ,                                                    ,                                                     ,                                                                 ,                    ,                                      , 
PedNYC15   ,           12, Yes                  , Slowing down                                       , No change                                           , Both                                                            , Pedestrian         , Yes                                  , 
PedNYC15   ,           15, Yes                  , Not moving                                         , Speeding up                                         , Pedestrian                                                      , Pedestrian         , Yes                                  , 
PedNYC15   ,           16, No                   , Slowing down                                       , Slowing down                                        , Both                                                            , Driver             , Yes                                  , 
PedNYC15   ,           21,                      ,                                                    ,                                                     ,                                                                 ,                    ,                                      , 
PedNYC16   ,            3, Yes                  , Slowing down                                       , No change                                           , Driver                                                          , Driver             , No                                   , 
PedNYC16   ,            7, No                   , Slowing down                                       , Slowing down                                        , Pedestrian                                                      , Driver             , No                                   , 
PedNYC16   ,           12, Yes                  , Slowing down                                       , Not walking                                         , Both                                                            , Driver             , No                                   , 
PedNYC16   ,           15, Yes                  , Slowing down                                       , No change                                           , Pedestrian                                                      , Pedestrian         , No                                   , 
PedNYC16   ,           16, No                   , No change                                          , No change                                           , Both                                                            , Driver             , No                                   , 
PedNYC16   ,           21, Yes                  , Slowing down                                       , Slowing down                                        , Pedestrian                                                      , Pedestrian         , Yes                                  , 
PedNYC17   ,            3, Yes                  , Slowing down                                       , Slowing down                                        , Pedestrian                                                      , Pedestrian         , Yes                                  , 
PedNYC17   ,            7, No                   , Not moving                                         , No change                                           , Pedestrian                                                      , Pedestrian         , No                                   , 
PedNYC17   ,           12, Yes                  , Slowing down                                       , No change                                           , Both                                                            , Driver             , No                                   , 
PedNYC17   ,           15, Yes                  , Slowing down                                       , Slowing down                                        , Pedestrian                                                      , Pedestrian         , No                                   , 
PedNYC17   ,           16, No                   , No change                                          , Slowing down                                        , Both                                                            , Driver             , No                                   , 
PedNYC17   ,           21, Yes                  , Slowing down                                       , Speeding up                                         , Pedestrian                                                      , Pedestrian         , No                                   , 
PedNYC18   ,            3,                      ,                                                    ,                                                     ,                                                                 ,                    ,                                      , 
PedNYC18   ,            7, No                   , Not moving                                         , No change                                           , Pedestrian                                                      , Pedestrian         , No                                   , 
PedNYC18   ,           12, Yes                  , Slowing down                                       , No change                                           , Both                                                            , Driver             , No                                   , 
PedNYC18   ,           15,                      ,                                                    ,                                                     ,                                                                 ,                    ,                                      , 
PedNYC18   ,           16,                      ,                                                    ,                                                     , Both                                                            , Driver             , No                                   , 
PedNYC18   ,           21, Yes                  , Slowing down                                       , No change                                           , Pedestrian                                                      , Pedestrian         , No                                   , 
PedNYC19   ,            3, Yes                  , Slowing down                                       , No change                                           , Driver                                                          , Driver             , No                                   , 
PedNYC19   ,            7, No                   , No change                                          , No change                                           , Driver                                                          , Driver             , No                                   , 
PedNYC19   ,           12, Yes                  , No change                                          , Not walking                                         , Both                                                            , Driver             , No                                   , 
PedNYC19   ,           15, No                   , Slowing down                                       , Slowing down                                        , Neither                                                         , Driver             , No                                   , 
PedNYC19   ,           16, No                   , No change                                          , No change                                           , Both                                                            , Driver             , No                                   , 
PedNYC19   ,           21, Yes                  , Slowing down                                       , No change                                           , Both                                                            , Driver             , No                                   , 
PedNYC20   ,            3,                      ,                                                    ,                                                     ,                                                                 ,                    ,                                      , 
PedNYC20   ,            7, No                   ,                                                    ,                                                     ,                                                                 ,                    ,                                      , 
PedNYC20   ,           12, Yes                  , Slowing down                                       , No change                                           , Both                                                            , Driver             , No                                   , 
PedNYC20   ,           15, Yes                  , Slowing down                                       , Slowing down                                        , Pedestrian                                                      , Pedestrian         , No                                   , 
PedNYC20   ,           16, No                   , No change                                          , No change                                           , Both                                                            , Driver             , No                                   , 
PedNYC20   ,           21, Yes                  , Slowing down                                       , Slowing down                                        , Both                                                            , Driver             , Yes                                  , 
PedNYC21   ,            3, Yes                  , Slowing down                                       , Speeding up                                         , Pedestrian                                                      , Pedestrian         , No                                   , 
PedNYC21   ,            7, No                   , Slowing down                                       , No change                                           , Pedestrian                                                      , Pedestrian         , No                                   , 
PedNYC21   ,           12, Yes                  , Slowing down                                       , No change                                           , Both                                                            , Pedestrian         , No                                   , 
PedNYC21   ,           15,                      ,                                                    ,                                                     ,                                                                 ,                    ,                                      , 
PedNYC21   ,           16,                      ,                                                    ,                                                     ,                                                                 ,                    ,                                      , 
PedNYC21   ,           21, Yes                  , Slowing down                                       , No change                                           , Pedestrian                                                      , Pedestrian         , No                                   , 
PedNYC22   ,            3, Yes                  , Slowing down                                       , Speeding up                                         , Pedestrian                                                      , Pedestrian         , Yes                                  , 
PedNYC22   ,            7, No                   , Slowing down                                       , Slowing down                                        , Pedestrian                                                      , Pedestrian         , Yes                                  , 
PedNYC22   ,           12, Yes                  , Slowing down                                       , Slowing down                                        , Both                                                            , Driver             , No                                   , 
PedNYC22   ,           15, No                   , No change                                          , No change                                           , Neither                                                         , Driver             , No                                   , 
PedNYC22   ,           16, No                   , No change                                          , No change                                           , Both                                                            , Driver             , No                                   , 
PedNYC22   ,           21, Yes                  , Slowing down                                       , Slowing down                                        , Pedestrian                                                      , Driver             , No                                   , 
PedNYC23   ,            3, Yes                  , Slowing down                                       , Slowing down                                        , Pedestrian                                                      , Driver             , Yes                                  , 
PedNYC23   ,            7, No                   , Speeding up                                        , Slowing down                                        , Driver                                                          , Driver             , Yes                                  , 
PedNYC23   ,           12, Yes                  , No change                                          , Not walking                                         , Both                                                            , Driver             , No                                   , 
PedNYC23   ,           15, No                   , No change                                          , No change                                           , Driver                                                          , Driver             , No                                   , 
PedNYC23   ,           16, No                   , Slowing down                                       , No change                                           , Both                                                            , Driver             , No                                   , 
PedNYC23   ,           21, Yes                  , Not moving                                         , No change                                           , Pedestrian                                                      , Pedestrian         , No                                   , 
PedNYC24   ,            3, Yes                  , Slowing down                                       , No change                                           , Pedestrian                                                      , Pedestrian         , No                                   , 
PedNYC24   ,            7, No                   , Not moving                                         , No change                                           , Pedestrian                                                      , Pedestrian         , No                                   , 
PedNYC24   ,           12, Yes                  , No change                                          , No change                                           , Both                                                            , Driver             , No                                   , 
PedNYC24   ,           15, Yes                  , Not moving                                         , Not walking                                         , Pedestrian                                                      , Pedestrian         , No                                   , 
PedNYC24   ,           16, No                   , No change                                          , Not walking                                         , Both                                                            , Driver             , No                                   , 
PedNYC24   ,           21, Yes                  , Slowing down                                       , Slowing down                                        , Both                                                            , Driver             , Yes                                  , 
PedNYC25   ,            3, Yes                  , Slowing down                                       , No change                                           , Pedestrian                                                      , Pedestrian         , No                                   , 
PedNYC25   ,            7, No                   , Not moving                                         , Not walking                                         , Pedestrian                                                      , Pedestrian         , No                                   , 
PedNYC25   ,           12,                      ,                                                    ,                                                     , Both                                                            ,                    ,                                      , 
PedNYC25   ,           15, Yes                  , Slowing down                                       , No change                                           , Pedestrian                                                      , Pedestrian         , No                                   , 
PedNYC25   ,           16, No                   , Slowing down                                       , Not walking                                         , Both                                                            , Driver             , No                                   , 
PedNYC25   ,           21, Yes                  , Slowing down                                       , Slowing down                                        , Pedestrian                                                      , Pedestrian         , No                                   , 
PedNYC26   ,            3, No                   , Slowing down                                       , Slowing down                                        , Driver                                                          , Driver             , No                                   , 
PedNYC26   ,            7, No                   , Not moving                                         , Slowing down                                        , Pedestrian                                                      , Pedestrian         , Yes                                  , 
PedNYC26   ,           12, Yes                  , Slowing down                                       , Slowing down                                        , Both                                                            , Driver             , No                                   , 
PedNYC26   ,           15, Yes                  , Slowing down                                       , No change                                           , Pedestrian                                                      , Pedestrian         , No                                   , 
PedNYC26   ,           16, No                   , Slowing down                                       , No change                                           , Both                                                            , Driver             , No                                   , 
PedNYC26   ,           21, Yes                  , No change                                          , No change                                           , Driver                                                          , Driver             , No                                   , 
PedNYC27   ,            3,                      ,                                                    ,                                                     ,                                                                 ,                    ,                                      , 
PedNYC27   ,            7,                      ,                                                    ,                                                     ,                                                                 ,                    ,                                      , 
PedNYC27   ,           12,                      ,                                                    ,                                                     , Both                                                            ,                    ,                                      , 
PedNYC27   ,           15,                      ,                                                    ,                                                     ,                                                                 ,                    ,                                      , 
PedNYC27   ,           16,                      ,                                                    ,                                                     ,                                                                 ,                    ,                                      , 
PedNYC27   ,           21, Yes                  , Slowing down                                       , No change                                           , Pedestrian                                                      , Pedestrian         , No                                   , 
PedNYC28   ,            3, Yes                  , Slowing down                                       , Speeding up                                         , Both                                                            , Pedestrian         , Yes                                  , 
PedNYC28   ,            7, No                   , Slowing down                                       , Slowing down                                        , Pedestrian                                                      , Pedestrian         , No                                   , 
PedNYC28   ,           12, Yes                  , Slowing down                                       , No change                                           , Both                                                            , Driver             , No                                   , 
PedNYC28   ,           15, Yes                  , Not moving                                         , No change                                           , Pedestrian                                                      , Pedestrian         , No                                   , 
PedNYC28   ,           16, No                   , Not moving                                         , No change                                           , Both                                                            , Pedestrian         , No                                   , 
PedNYC28   ,           21, Yes                  , Slowing down                                       , No change                                           , Pedestrian                                                      , Pedestrian         , Yes                                  , 
PedNYC29   ,            3, Yes                  , Slowing down                                       , No change                                           , Pedestrian                                                      , Pedestrian         , Yes                                  , 
PedNYC29   ,            7, No                   , Slowing down                                       , No change                                           , Pedestrian                                                      , Pedestrian         , No                                   , 
PedNYC29   ,           12, Yes                  , Slowing down                                       , No change                                           , Both                                                            , Pedestrian         , Yes                                  , 
PedNYC29   ,           15, No                   , Slowing down                                       , No change                                           , Pedestrian                                                      , Pedestrian         , No                                   , 
PedNYC29   ,           16, No                   , Slowing down                                       , No change                                           , Both                                                            , Pedestrian         , No                                   , 
PedNYC29   ,           21, Yes                  , Slowing down                                       , No change                                           , Pedestrian                                                      , Pedestrian         , No                                   , 
PedNYC30   ,            3, Yes                  , Slowing down                                       , Speeding up                                         , Pedestrian                                                      , Pedestrian         , No                                   , 
PedNYC30   ,            7,                      ,                                                    ,                                                     ,                                                                 ,                    ,                                      , 
PedNYC30   ,           12, Yes                  , Slowing down                                       , No change                                           , Both                                                            , Pedestrian         , No                                   , 
PedNYC30   ,           15, Yes                  , Slowing down                                       , No change                                           , Pedestrian                                                      , Pedestrian         , No                                   , 
PedNYC30   ,           16, No                   , No change                                          , No change                                           , Both                                                            , Driver             , No                                   , 
PedNYC30   ,           21, Yes                  , Slowing down                                       , Slowing down                                        , Pedestrian                                                      , Pedestrian         , Yes                                  , 
PedNYC31   ,            3, Yes                  , Slowing down                                       , No change                                           , Pedestrian                                                      , Pedestrian         , No                                   , 
PedNYC31   ,            7,                      ,                                                    ,                                                     ,                                                                 ,                    ,                                      , 
PedNYC31   ,           12, Yes                  , No change                                          , No change                                           , Both                                                            , Pedestrian         , No                                   , 
PedNYC31   ,           15, Yes                  , Slowing down                                       , Not walking                                         , Pedestrian                                                      , Driver             , No                                   , 
PedNYC31   ,           16,                      ,                                                    ,                                                     , Both                                                            ,                    ,                                      , 
PedNYC31   ,           21,                      ,                                                    ,                                                     ,                                                                 ,                    ,                                      , 
PedNYC32   ,            3, No                   , Slowing down                                       , Slowing down                                        , Pedestrian                                                      , Pedestrian         , Yes                                  , 
PedNYC32   ,            7, No                   , Slowing down                                       , No change                                           , Pedestrian                                                      , Pedestrian         , Yes                                  , 
PedNYC32   ,           12,                      ,                                                    ,                                                     , Both                                                            ,                    ,                                      , 
PedNYC32   ,           15, No                   , Slowing down                                       , No change                                           , Pedestrian                                                      , Pedestrian         , No                                   , 
PedNYC32   ,           16, No                   , Slowing down                                       , No change                                           , Both                                                            , Driver             , No                                   , 
PedNYC32   ,           21, No                   , No change                                          , Slowing down                                        , Neither                                                         , Pedestrian         , No                                   , 