source_file,source_relative,study,study_number,scenario,session,file_size_bytes,modified_time_utc
C:\Users\patl5\OneDrive\Documents\BURE\xiang\PedNYC1\csv\CSV_Scenario-Ped-101_Session-temp_2024-02-22-13-58-23.csv,PedNYC1/csv/CSV_Scenario-Ped-101_Session-temp_2024-02-22-13-58-23.csv,PedNYC1,1,101,temp_2024-02-22-13-58-23,5679676,2026-07-21T19:37:07.563865900+00:00
C:\Users\patl5\OneDrive\Documents\BURE\xiang\PedNYC1\csv\CSV_Scenario-Ped-102_Session-temp_2024-02-22-14-03-29.csv,PedNYC1/csv/CSV_Scenario-Ped-102_Session-temp_2024-02-22-14-03-29.csv,PedNYC1,1,102,temp_2024-02-22-14-03-29,4641236,2026-07-21T19:37:07.636785507+00:00
C:\Users\patl5\OneDrive\Documents\BURE\xiang\PedNYC1\csv\CSV_Scenario-Ped-103_Session-temp_2024-02-22-14-05-41.csv,PedNYC1/csv/CSV_Scenario-Ped-103_Session-temp_2024-02-22-14-05-41.csv,PedNYC1,1,103,temp_2024-02-22-14-05-41,4543434,2026-07-21T19:37:07.715923071+00:00
C:\Users\patl5\OneDrive\Documents\BURE\xiang\PedNYC1\csv\CSV_Scenario-Ped-104_Session-temp_2024-02-22-14-01-04.csv,PedNYC1/csv/CSV_Scenario-Ped-104_Session-temp_2024-02-22-14-01-04.csv,PedNYC1,1,104,temp_2024-02-22-14-01-04,4612814,2026-07-21T19:37:07.807480097+00:00
C:\Users\patl5\OneDrive\Documents\BURE\xiang\PedNYC1\csv\CSV_Scenario-Ped-105_Session-temp_2024-02-22-14-07-56.csv,PedNYC1/csv/CSV_Scenario-Ped-105_Session-temp_2024-02-22-14-07-56.csv,PedNYC1,1,105,temp_2024-02-22-14-07-56,4111249,2026-07-21T19:37:07.868385792+00:00
C:\Users\patl5\OneDrive\Documents\BURE\xiang\PedNYC1\csv\CSV_Scenario-Ped-106_Session-temp_2024-02-22-13-33-36.csv,PedNYC1/csv/CSV_Scenario-Ped-106_Session-temp_2024-02-22-13-33-36.csv,PedNYC1,1,106,temp_2024-02-22-13-33-36,10481483,2026-07-21T19:37:08.063330412+00:00
C:\Users\patl5\OneDrive\Documents\BURE\xiang\PedNYC1\csv\CSV_Scenario-Ped-12_Session-temp_2024-02-22-13-46-30.csv,PedNYC1/csv/CSV_Scenario-Ped-12_Session-temp_2024-02-22-13-46-30.csv,PedNYC1,1,12,temp_2024-02-22-13-46-30,3587571,2026-07-21T19:37:08.120233059+00:00
C:\Users\patl5\OneDrive\Documents\BURE\xiang\PedNYC1\csv\CSV_Scenario-Ped-15_Session-temp_2024-02-22-13-40-39.csv,PedNYC1/csv/CSV_Scenario-Ped-15_Session-temp_2024-02-22-13-40-39.csv,PedNYC1,1,15,temp_2024-02-22-13-40-39,5722219,2026-07-21T19:37:08.201245546+00:00
C:\Users\patl5\OneDrive\Documents\BURE\xiang\PedNYC1\csv\CSV_Scenario-Ped-16_Session-temp_2024-02-22-13-43-46.csv,PedNYC1/csv/CSV_Scenario-Ped-16_Session-temp_2024-02-22-13-43-46.csv,PedNYC1,1,16,temp_2024-02-22-13-43-46,4060812,2026-07-21T19:37:08.263111830+00:00
C:\Users\patl5\OneDrive\Documents\BURE\xiang\PedNYC1\csv\CSV_Scenario-Ped-21_Session-temp_2024-02-22-13-55-32.csv,PedNYC1/csv/CSV_Scenario-Ped-21_Session-temp_2024-02-22-13-55-32.csv,PedNYC1,1,21,temp_2024-02-22-13-55-32,5212759,2026-07-21T19:37:08.328890800+00:00
C:\Users\patl5\OneDrive\Documents\BURE\xiang\PedNYC1\csv\CSV_Scenario-Ped-3_Session-temp_2024-02-22-13-48-59.csv,PedNYC1/csv/CSV_Scenario-Ped-3_Session-temp_2024-02-22-13-48-59.csv,PedNYC1,1,3,temp_2024-02-22-13-48-59,3749236,2026-07-21T19:37:08.381201029+00:00
C:\Users\patl5\OneDrive\Documents\BURE\xiang\PedNYC1\csv\CSV_Scenario-Ped-7_Session-temp_2024-02-22-13-38-21.csv,PedNYC1/csv/CSV_Scenario-Ped-7_Session-temp_2024-02-22-13-38-21.csv,PedNYC1,1,7,temp_2024-02-22-13-38-21,5071056,2026-07-21T19:37:08.448435545+00:00
C:\Users\patl5\OneDrive\Documents\BURE\xiang\PedNYC10\csv\CSV_Scenario-Ped-101_Session-temp_2024-03-06-11-36-51.csv,PedNYC10/csv/CSV_Scenario-Ped-101_Session-temp_2024-03-06-11-36-51.csv,PedNYC10,10,101,temp_2024-03-06-11-36-51,3321078,2026-07-21T19:37:08.797041893+00:00
C:\Users\patl5\OneDrive\Documents\BURE\xiang\PedNYC10\csv\CSV_Scenario-Ped-102_Session-temp_2024-03-06-11-22-45.csv,PedNYC10/csv/CSV_Scenario-Ped-102_Session-temp_2024-03-06-11-22-45.csv,PedNYC10,10,102,temp_2024-03-06-11-22-45,4946954,2026-07-21T19:37:08.867207527+00:00
C:\Users\patl5\OneDrive\Documents\BURE\xiang\PedNYC10\csv\CSV_Scenario-Ped-104_Session-temp_2024-03-06-11-18-29.csv,PedNYC10/csv/CSV_Scenario-Ped-104_Session-temp_2024-03-06-11-18-29.csv,PedNYC10,10,104,temp_2024-03-06-11-18-29,4635871,2026-07-21T19:37:08.946750641+00:00
C:\Users\patl5\OneDrive\Documents\BURE\xiang\PedNYC10\csv\CSV_Scenario-Ped-105_Session-temp_2024-03-06-11-44-03.csv,PedNYC10/csv/CSV_Scenario-Ped-105_Session-temp_2024-03-06-11-44-03.csv,PedNYC10,10,105,temp_2024-03-06-11-44-03,5208892,2026-07-21T19:37:09.025454521+00:00
C:\Users\patl5\OneDrive\Documents\BURE\xiang\PedNYC10\csv\CSV_Scenario-Ped-12_Session-temp_2024-03-06-11-26-46.csv,PedNYC10/csv/CSV_Scenario-Ped-12_Session-temp_2024-03-06-11-26-46.csv,PedNYC10,10,12,temp_2024-03-06-11-26-46,3846231,2026-07-21T19:37:09.081397533+00:00
C:\Users\patl5\OneDrive\Documents\BURE\xiang\PedNYC10\csv\CSV_Scenario-Ped-16_Session-temp_2024-03-06-11-30-49.csv,PedNYC10/csv/CSV_Scenario-Ped-16_Session-temp_2024-03-06-11-30-49.csv,PedNYC10,10,16,temp_2024-03-06-11-30-49,3246653,2026-07-21T19:37:09.132311821+00:00
C:\Users\patl5\OneDrive\Documents\BURE\xiang\PedNYC10\csv\CSV_Scenario-Ped-21_Session-temp_2024-03-06-11-46-57.csv,PedNYC10/csv/CSV_Scenario-Ped-21_Session-temp_2024-03-06-11-46-57.csv,PedNYC10,10,21,temp_2024-03-06-11-46-57,5589811,2026-07-21T19:37:09.220998526+00:00
C:\Users\patl5\OneDrive\Documents\BURE\xiang\PedNYC10\csv\CSV_Scenario-Ped-3_Session-temp_2024-03-06-11-39-44.csv,PedNYC10/csv/CSV_Scenario-Ped-3_Session-temp_2024-03-06-11-39-44.csv,PedNYC10,10,3,temp_2024-03-06-11-39-44,5243078,2026-07-21T19:37:09.313043833+00:00
C:\Users\patl5\OneDrive\Documents\BURE\xiang\PedNYC10\csv\CSV_Scenario-Ped-7_Session-temp_2024-03-06-11-34-19.csv,PedNYC10/csv/CSV_Scenario-Ped-7_Session-temp_2024-03-06-11-34-19.csv,PedNYC10,10,7,temp_2024-03-06-11-34-19,4112315,2026-07-21T19:37:09.389491796+00:00
C:\Users\patl5\OneDrive\Documents\BURE\xiang\PedNYC11\csv\CSV_Scenario-Ped-101_Session-temp_2024-03-06-15-02-04.csv,PedNYC11/csv/CSV_Scenario-Ped-101_Session-temp_2024-03-06-15-02-04.csv,PedNYC11,11,101,temp_2024-03-06-15-02-04,4198749,2026-07-21T19:37:09.801512003+00:00
C:\Users\patl5\OneDrive\Documents\BURE\xiang\PedNYC11\csv\CSV_Scenario-Ped-102_Session-temp_2024-03-06-15-04-55.csv,PedNYC11/csv/CSV_Scenario-Ped-102_Session-temp_2024-03-06-15-04-55.csv,PedNYC11,11,102,temp_2024-03-06-15-04-55,3985210,2026-07-21T19:37:09.873919487+00:00
C:\Users\patl5\OneDrive\Documents\BURE\xiang\PedNYC11\csv\CSV_Scenario-Ped-103_Session-temp_2024-03-06-14-47-02.csv,PedNYC11/csv/CSV_Scenario-Ped-103_Session-temp_2024-03-06-14-47-02.csv,PedNYC11,11,103,temp_2024-03-06-14-47-02,4157628,2026-07-21T19:37:09.937000513+00:00
C:\Users\patl5\OneDrive\Documents\BURE\xiang\PedNYC11\csv\CSV_Scenario-Ped-104_Session-temp_2024-03-06-14-36-29.csv,PedNYC11/csv/CSV_Scenario-Ped-104_Session-temp_2024-03-06-14-36-29.csv,PedNYC11,11,104,temp_2024-03-06-14-36-29,4532204,2026-07-21T19:37:10.014103651+00:00
C:\Users\patl5\OneDrive\Documents\BURE\xiang\PedNYC11\csv\CSV_Scenario-Ped-105_Session-temp_2024-03-06-14-50-05.csv,PedNYC11/csv/CSV_Scenario-Ped-105_Session-temp_2024-03-06-14-50-05.csv,PedNYC11,11,105,temp_2024-03-06-14-50-05,3540815,2026-07-21T19:37:10.073946953+00:00
C:\Users\patl5\OneDrive\Documents\BURE\xiang\PedNYC11\csv\CSV_Scenario-Ped-106_Session-temp_2024-03-06-14-32-52.csv,PedNYC11/csv/CSV_Scenario-Ped-106_Session-temp_2024-03-06-14-32-52.csv,PedNYC11,11,106,temp_2024-03-06-14-32-52,3563352,2026-07-21T19:37:10.137918234+00:00
C:\Users\patl5\OneDrive\Documents\BURE\xiang\PedNYC11\csv\CSV_Scenario-Ped-12_Session-temp_2024-03-06-14-57-39.csv,PedNYC11/csv/CSV_Scenario-Ped-12_Session-temp_2024-03-06-14-57-39.csv,PedNYC11,11,12,temp_2024-03-06-14-57-39,4130024,2026-07-21T19:37:10.212358475+00:00
C:\Users\patl5\OneDrive\Documents\BURE\xiang\PedNYC11\csv\CSV_Scenario-Ped-15_Session-temp_2024-03-06-14-53-16.csv,PedNYC11/csv/CSV_Scenario-Ped-15_Session-temp_2024-03-06-14-53-16.csv,PedNYC11,11,15,temp_2024-03-06-14-53-16,6477458,2026-07-21T19:37:10.323007345+00:00
C:\Users\patl5\OneDrive\Documents\BURE\xiang\PedNYC11\csv\CSV_Scenario-Ped-16_Session-temp_2024-03-06-15-11-09.csv,PedNYC11/csv/CSV_Scenario-Ped-16_Session-temp_2024-03-06-15-11-09.csv,PedNYC11,11,16,temp_2024-03-06-15-11-09,3368541,2026-07-21T19:37:10.387914658+00:00
C:\Users\patl5\OneDrive\Documents\BURE\xiang\PedNYC11\csv\CSV_Scenario-Ped-21_Session-temp_2024-03-06-15-07-29.csv,PedNYC11/csv/CSV_Scenario-Ped-21_Session-temp_2024-03-06-15-07-29.csv,PedNYC11,11,21,temp_2024-03-06-15-07-29,4614492,2026-07-21T19:37:10.489968300+00:00
C:\Users\patl5\OneDrive\Documents\BURE\xiang\PedNYC11\csv\CSV_Scenario-Ped-3_Session-temp_2024-03-06-14-44-13.csv,PedNYC11/csv/CSV_Scenario-Ped-3_Session-temp_2024-03-06-14-44-13.csv,PedNYC11,11,3,temp_2024-03-06-14-44-13,4579211,2026-07-21T19:37:10.604159832+00:00
C:\Users\patl5\OneDrive\Documents\BURE\xiang\PedNYC11\csv\CSV_Scenario-Ped-7_Session-temp_2024-03-06-14-41-21.csv,PedNYC11/csv/CSV_Scenario-Ped-7_Session-temp_2024-03-06-14-41-21.csv,PedNYC11,11,7,temp_2024-03-06-14-41-21,4695131,2026-07-21T19:37:10.688663960+00:00
C:\Users\patl5\OneDrive\Documents\BURE\xiang\PedNYC12\csv\CSV_Scenario-Ped-101_Session-temp_2024-03-07-13-58-42.csv,PedNYC12/csv/CSV_Scenario-Ped-101_Session-temp_2024-03-07-13-58-42.csv,PedNYC12,12,101,temp_2024-03-07-13-58-42,3396886,2026-07-21T19:37:11.184949875+00:00
C:\Users\patl5\OneDrive\Documents\BURE\xiang\PedNYC12\csv\CSV_Scenario-Ped-102_Session-temp_2024-03-07-14-08-54.csv,PedNYC12/csv/CSV_Scenario-Ped-102_Session-temp_2024-03-07-14-08-54.csv,PedNYC12,12,102,temp_2024-03-07-14-08-54,3916218,2026-07-21T19:37:11.280043364+00:00
C:\Users\patl5\OneDrive\Documents\BURE\xiang\PedNYC12\csv\CSV_Scenario-Ped-103_Session-temp_2024-03-07-13-44-46.csv,PedNYC12/csv/CSV_Scenario-Ped-103_Session-temp_2024-03-07-13-44-46.csv,PedNYC12,12,103,temp_2024-03-07-13-44-46,3858611,2026-07-21T19:37:11.404245615+00:00
C:\Users\patl5\OneDrive\Documents\BURE\xiang\PedNYC12\csv\CSV_Scenario-Ped-104_Session-temp_2024-03-07-14-11-23.csv,PedNYC12/csv/CSV_Scenario-Ped-104_Session-temp_2024-03-07-14-11-23.csv,PedNYC12,12,104,temp_2024-03-07-14-11-23,6587910,2026-07-21T19:37:11.557036400+00:00
C:\Users\patl5\OneDrive\Documents\BURE\xiang\PedNYC12\csv\CSV_Scenario-Ped-105_Session-temp_2024-03-07-13-30-09.csv,PedNYC12/csv/CSV_Scenario-Ped-105_Session-temp_2024-03-07-13-30-09.csv,PedNYC12,12,105,temp_2024-03-07-13-30-09,5393745,2026-07-21T19:37:11.664064407+00:00
C:\Users\patl5\OneDrive\Documents\BURE\xiang\PedNYC12\csv\CSV_Scenario-Ped-106_Session-temp_2024-03-07-13-55-34.csv,PedNYC12/csv/CSV_Scenario-Ped-106_Session-temp_2024-03-07-13-55-34.csv,PedNYC12,12,106,temp_2024-03-07-13-55-34,4262446,2026-07-21T19:37:11.726887941+00:00
C:\Users\patl5\OneDrive\Documents\BURE\xiang\PedNYC12\csv\CSV_Scenario-Ped-12_Session-temp_2024-03-07-13-41-10.csv,PedNYC12/csv/CSV_Scenario-Ped-12_Session-temp_2024-03-07-13-41-10.csv,PedNYC12,12,12,temp_2024-03-07-13-41-10,3778147,2026-07-21T19:37:11.780220747+00:00
C:\Users\patl5\OneDrive\Documents\BURE\xiang\PedNYC12\csv\CSV_Scenario-Ped-15_Session-temp_2024-03-07-13-37-56.csv,PedNYC12/csv/CSV_Scenario-Ped-15_Session-temp_2024-03-07-13-37-56.csv,PedNYC12,12,15,temp_2024-03-07-13-37-56,5018569,2026-07-21T19:37:11.871282578+00:00
C:\Users\patl5\OneDrive\Documents\BURE\xiang\PedNYC12\csv\CSV_Scenario-Ped-16_Session-temp_2024-03-07-13-34-27.csv,PedNYC12/csv/CSV_Scenario-Ped-16_Session-temp_2024-03-07-13-34-27.csv,PedNYC12,12,16,temp_2024-03-07-13-34-27,3172411,2026-07-21T19:37:11.937097788+00:00
C:\Users\patl5\OneDrive\Documents\BURE\xiang\PedNYC12\csv\CSV_Scenario-Ped-21_Session-temp_2024-03-07-14-05-37.csv,PedNYC12/csv/CSV_Scenario-Ped-21_Session-temp_2024-03-07-14-05-37.csv,PedNYC12,12,21,temp_2024-03-07-14-05-37,5018497,2026-07-21T19:37:12.014058828+00:00
C:\Users\patl5\OneDrive\Documents\BURE\xiang\PedNYC12\csv\CSV_Scenario-Ped-3_Session-temp_2024-03-07-14-01-40.csv,PedNYC12/csv/CSV_Scenario-Ped-3_Session-temp_2024-03-07-14-01-40.csv,PedNYC12,12,3,temp_2024-03-07-14-01-40,4487919,2026-07-21T19:37:12.103153467+00:00
C:\Users\patl5\OneDrive\Documents\BURE\xiang\PedNYC12\csv\CSV_Scenario-Ped-7_Session-temp_2024-03-07-13-47-46.csv,PedNYC12/csv/CSV_Scenario-Ped-7_Session-temp_2024-03-07-13-47-46.csv,PedNYC12,12,7,temp_2024-03-07-13-47-46,4153613,2026-07-21T19:37:12.168502808+00:00
C:\Users\patl5\OneDrive\Documents\BURE\xiang\PedNYC13\csv\CSV_Scenario-Ped-101_Session-temp_2024-03-08-15-52-39.csv,PedNYC13/csv/CSV_Scenario-Ped-101_Session-temp_2024-03-08-15-52-39.csv,PedNYC13,13,101,temp_2024-03-08-15-52-39,6500483,2026-07-21T19:37:12.694667101+00:00
C:\Users\patl5\OneDrive\Documents\BURE\xiang\PedNYC13\csv\CSV_Scenario-Ped-102_Session-temp_2024-03-08-15-34-29.csv,PedNYC13/csv/CSV_Scenario-Ped-102_Session-temp_2024-03-08-15-34-29.csv,PedNYC13,13,102,temp_2024-03-08-15-34-29,3955001,2026-07-21T19:37:12.758495092+00:00
C:\Users\patl5\OneDrive\Documents\BURE\xiang\PedNYC13\csv\CSV_Scenario-Ped-103_Session-temp_2024-03-08-15-38-14.csv,PedNYC13/csv/CSV_Scenario-Ped-103_Session-temp_2024-03-08-15-38-14.csv,PedNYC13,13,103,temp_2024-03-08-15-38-14,5310250,2026-07-21T19:37:12.844923258+00:00
C:\Users\patl5\OneDrive\Documents\BURE\xiang\PedNYC13\csv\CSV_Scenario-Ped-104_Session-temp_2024-03-08-15-57-32.csv,PedNYC13/csv/CSV_Scenario-Ped-104_Session-temp_2024-03-08-15-57-32.csv,PedNYC13,13,104,temp_2024-03-08-15-57-32,6397375,2026-07-21T19:37:12.920927048+00:00
C:\Users\patl5\OneDrive\Documents\BURE\xiang\PedNYC13\csv\CSV_Scenario-Ped-105_Session-temp_2024-03-08-15-58-43.csv,PedNYC13/csv/CSV_Scenario-Ped-105_Session-temp_2024-03-08-15-58-43.csv,PedNYC13,13,105,temp_2024-03-08-15-58-43,3922172,2026-07-21T19:37:12.991793156+00:00
C:\Users\patl5\OneDrive\Documents\BURE\xiang\PedNYC13\csv\CSV_Scenario-Ped-106_Session-temp_2024-03-08-15-50-42.csv,PedNYC13/csv/CSV_Scenario-Ped-106_Session-temp_2024-03-08-15-50-42.csv,PedNYC13,13,106,temp_2024-03-08-15-50-42,7707130,2026-07-21T19:37:13.101128817+00:00
C:\Users\patl5\OneDrive\Documents\BURE\xiang\PedNYC13\csv\CSV_Scenario-Ped-12_Session-temp_2024-03-08-15-31-16.csv,PedNYC13/csv/CSV_Scenario-Ped-12_Session-temp_2024-03-08-15-31-16.csv,PedNYC13,13,12,temp_2024-03-08-15-31-16,3171331,2026-07-21T19:37:13.162241220+00:00
C:\Users\patl5\OneDrive\Documents\BURE\xiang\PedNYC13\csv\CSV_Scenario-Ped-15_Session-temp_2024-03-08-15-55-02.csv,PedNYC13/csv/CSV_Scenario-Ped-15_Session-temp_2024-03-08-15-55-02.csv,PedNYC13,13,15,temp_2024-03-08-15-55-02,5999711,2026-07-21T19:37:13.261143446+00:00
C:\Users\patl5\OneDrive\Documents\BURE\xiang\PedNYC13\csv\CSV_Scenario-Ped-16_Session-temp_2024-03-08-15-45-28.csv,PedNYC13/csv/CSV_Scenario-Ped-16_Session-temp_2024-03-08-15-45-28.csv,PedNYC13,13,16,temp_2024-03-08-15-45-28,4216065,2026-07-21T19:37:13.323104620+00:00
C:\Users\patl5\OneDrive\Documents\BURE\xiang\PedNYC13\csv\CSV_Scenario-Ped-21_Session-temp_2024-03-08-15-59-40.csv,PedNYC13/csv/CSV_Scenario-Ped-21_Session-temp_2024-03-08-15-59-40.csv,PedNYC13,13,21,temp_2024-03-08-15-59-40,4574296,2026-07-21T19:37:13.384103060+00:00
C:\Users\patl5\OneDrive\Documents\BURE\xiang\PedNYC13\csv\CSV_Scenario-Ped-3_Session-temp_2024-03-08-15-54-02.csv,PedNYC13/csv/CSV_Scenario-Ped-3_Session-temp_2024-03-08-15-54-02.csv,PedNYC13,13,3,temp_2024-03-08-15-54-02,4770671,2026-07-21T19:37:13.436973095+00:00
C:\Users\patl5\OneDrive\Documents\BURE\xiang\PedNYC13\csv\CSV_Scenario-Ped-7_Session-temp_2024-03-08-15-56-21.csv,PedNYC13/csv/CSV_Scenario-Ped-7_Session-temp_2024-03-08-15-56-21.csv,PedNYC13,13,7,temp_2024-03-08-15-56-21,4644268,2026-07-21T19:37:13.493636131+00:00
C:\Users\patl5\OneDrive\Documents\BURE\xiang\PedNYC15\csv\CSV_Scenario-Ped-102_Session-temp_2024-03-13-15-04-48.csv,PedNYC15/csv/CSV_Scenario-Ped-102_Session-temp_2024-03-13-15-04-48.csv,PedNYC15,15,102,temp_2024-03-13-15-04-48,5190836,2026-07-21T19:37:13.729117632+00:00
C:\Users\patl5\OneDrive\Documents\BURE\xiang\PedNYC15\csv\CSV_Scenario-Ped-103_Session-temp_2024-03-13-15-00-03.csv,PedNYC15/csv/CSV_Scenario-Ped-103_Session-temp_2024-03-13-15-00-03.csv,PedNYC15,15,103,temp_2024-03-13-15-00-03,4561681,2026-07-21T19:37:13.772101641+00:00
C:\Users\patl5\OneDrive\Documents\BURE\xiang\PedNYC15\csv\CSV_Scenario-Ped-106_Session-temp_2024-03-13-15-08-37.csv,PedNYC15/csv/CSV_Scenario-Ped-106_Session-temp_2024-03-13-15-08-37.csv,PedNYC15,15,106,temp_2024-03-13-15-08-37,6038288,2026-07-21T19:37:13.832969904+00:00
C:\Users\patl5\OneDrive\Documents\BURE\xiang\PedNYC15\csv\CSV_Scenario-Ped-12_Session-temp_2024-03-13-15-12-28.csv,PedNYC15/csv/CSV_Scenario-Ped-12_Session-temp_2024-03-13-15-12-28.csv,PedNYC15,15,12,temp_2024-03-13-15-12-28,5664779,2026-07-21T19:37:13.890955210+00:00
C:\Users\patl5\OneDrive\Documents\BURE\xiang\PedNYC15\csv\CSV_Scenario-Ped-15_Session-temp_2024-03-13-15-16-42.csv,PedNYC15/csv/CSV_Scenario-Ped-15_Session-temp_2024-03-13-15-16-42.csv,PedNYC15,15,15,temp_2024-03-13-15-16-42,5958999,2026-07-21T19:37:13.962736368+00:00
C:\Users\patl5\OneDrive\Documents\BURE\xiang\PedNYC15\csv\CSV_Scenario-Ped-16_Session-temp_2024-03-13-15-24-24.csv,PedNYC15/csv/CSV_Scenario-Ped-16_Session-temp_2024-03-13-15-24-24.csv,PedNYC15,15,16,temp_2024-03-13-15-24-24,4049641,2026-07-21T19:37:14.021342993+00:00
C:\Users\patl5\OneDrive\Documents\BURE\xiang\PedNYC15\csv\CSV_Scenario-Ped-3_Session-temp_2024-03-13-14-31-59.csv,PedNYC15/csv/CSV_Scenario-Ped-3_Session-temp_2024-03-13-14-31-59.csv,PedNYC15,15,3,temp_2024-03-13-14-31-59,4816688,2026-07-21T19:37:14.087145805+00:00
C:\Users\patl5\OneDrive\Documents\BURE\xiang\PedNYC16\csv\CSV_Scenario-Ped-101_Session-temp_2024-03-14-17-46-00.csv,PedNYC16/csv/CSV_Scenario-Ped-101_Session-temp_2024-03-14-17-46-00.csv,PedNYC16,16,101,temp_2024-03-14-17-46-00,5438312,2026-07-21T19:37:14.483995676+00:00
C:\Users\patl5\OneDrive\Documents\BURE\xiang\PedNYC16\csv\CSV_Scenario-Ped-102_Session-temp_2024-03-14-16-54-14.csv,PedNYC16/csv/CSV_Scenario-Ped-102_Session-temp_2024-03-14-16-54-14.csv,PedNYC16,16,102,temp_2024-03-14-16-54-14,4971735,2026-07-21T19:37:14.546832323+00:00
C:\Users\patl5\OneDrive\Documents\BURE\xiang\PedNYC16\csv\CSV_Scenario-Ped-103_Session-temp_2024-03-14-17-14-51.csv,PedNYC16/csv/CSV_Scenario-Ped-103_Session-temp_2024-03-14-17-14-51.csv,PedNYC16,16,103,temp_2024-03-14-17-14-51,4452710,2026-07-21T19:37:14.603056908+00:00
C:\Users\patl5\OneDrive\Documents\BURE\xiang\PedNYC16\csv\CSV_Scenario-Ped-104_Session-temp_2024-03-14-17-11-42.csv,PedNYC16/csv/CSV_Scenario-Ped-104_Session-temp_2024-03-14-17-11-42.csv,PedNYC16,16,104,temp_2024-03-14-17-11-42,6293895,2026-07-21T19:37:14.717103720+00:00
C:\Users\patl5\OneDrive\Documents\BURE\xiang\PedNYC16\csv\CSV_Scenario-Ped-105_Session-temp_2024-03-14-16-50-28.csv,PedNYC16/csv/CSV_Scenario-Ped-105_Session-temp_2024-03-14-16-50-28.csv,PedNYC16,16,105,temp_2024-03-14-16-50-28,6264060,2026-07-21T19:37:14.850244522+00:00
C:\Users\patl5\OneDrive\Documents\BURE\xiang\PedNYC16\csv\CSV_Scenario-Ped-106_Session-temp_2024-03-14-17-43-20.csv,PedNYC16/csv/CSV_Scenario-Ped-106_Session-temp_2024-03-14-17-43-20.csv,PedNYC16,16,106,temp_2024-03-14-17-43-20,5818328,2026-07-21T19:37:14.931134701+00:00
C:\Users\patl5\OneDrive\Documents\BURE\xiang\PedNYC16\csv\CSV_Scenario-Ped-12_Session-temp_2024-03-14-17-48-36.csv,PedNYC16/csv/CSV_Scenario-Ped-12_Session-temp_2024-03-14-17-48-36.csv,PedNYC16,16,12,temp_2024-03-14-17-48-36,4244644,2026-07-21T19:37:14.995407581+00:00
C:\Users\patl5\OneDrive\Documents\BURE\xiang\PedNYC16\csv\CSV_Scenario-Ped-15_Session-temp_2024-03-14-17-01-18.csv,PedNYC16/csv/CSV_Scenario-Ped-15_Session-temp_2024-03-14-17-01-18.csv,PedNYC16,16,15,temp_2024-03-14-17-01-18,5578318,2026-07-21T19:37:15.078829050+00:00
C:\Users\patl5\OneDrive\Documents\BURE\xiang\PedNYC16\csv\CSV_Scenario-Ped-16_Session-temp_2024-03-14-17-07-34.csv,PedNYC16/csv/CSV_Scenario-Ped-16_Session-temp_2024-03-14-17-07-34.csv,PedNYC16,16,16,temp_2024-03-14-17-07-34,5536851,2026-07-21T19:37:15.146138191+00:00
C:\Users\patl5\OneDrive\Documents\BURE\xiang\PedNYC16\csv\CSV_Scenario-Ped-16_Session-temp_2024-03-14-17-08-25.csv,PedNYC16/csv/CSV_Scenario-Ped-16_Session-temp_2024-03-14-17-08-25.csv,PedNYC16,16,16,temp_2024-03-14-17-08-25,4562779,2026-07-21T19:37:15.204948664+00:00
C:\Users\patl5\OneDrive\Documents\BURE\xiang\PedNYC16\csv\CSV_Scenario-Ped-21_Session-temp_2024-03-14-17-39-35.csv,PedNYC16/csv/CSV_Scenario-Ped-21_Session-temp_2024-03-14-17-39-35.csv,PedNYC16,16,21,temp_2024-03-14-17-39-35,5091633,2026-07-21T19:37:15.288843155+00:00
C:\Users\patl5\OneDrive\Documents\BURE\xiang\PedNYC16\csv\CSV_Scenario-Ped-21_Session-temp_2024-03-14-17-40-50.csv,PedNYC16/csv/CSV_Scenario-Ped-21_Session-temp_2024-03-14-17-40-50.csv,PedNYC16,16,21,temp_2024-03-14-17-40-50,5604761,2026-07-21T19:37:15.367701769+00:00
C:\Users\patl5\OneDrive\Documents\BURE\xiang\PedNYC16\csv\CSV_Scenario-Ped-3_Session-temp_2024-03-14-17-17-04.csv,PedNYC16/csv/CSV_Scenario-Ped-3_Session-temp_2024-03-14-17-17-04.csv,PedNYC16,16,3,temp_2024-03-14-17-17-04,8151876,2026-07-21T19:37:15.453081608+00:00
C:\Users\patl5\OneDrive\Documents\BURE\xiang\PedNYC16\csv\CSV_Scenario-Ped-7_Session-temp_2024-03-14-17-04-32.csv,PedNYC16/csv/CSV_Scenario-Ped-7_Session-temp_2024-03-14-17-04-32.csv,PedNYC16,16,7,temp_2024-03-14-17-04-32,5013458,2026-07-21T19:37:15.516935587+00:00
C:\Users\patl5\OneDrive\Documents\BURE\xiang\PedNYC17\csv\CSV_Scenario-Ped-101_Session-temp_2024-03-18-15-03-26.csv,PedNYC17/csv/CSV_Scenario-Ped-101_Session-temp_2024-03-18-15-03-26.csv,PedNYC17,17,101,temp_2024-03-18-15-03-26,8601362,2026-07-21T19:37:15.830980062+00:00
C:\Users\patl5\OneDrive\Documents\BURE\xiang\PedNYC17\csv\CSV_Scenario-Ped-102_Session-temp_2024-03-18-15-42-14.csv,PedNYC17/csv/CSV_Scenario-Ped-102_Session-temp_2024-03-18-15-42-14.csv,PedNYC17,17,102,temp_2024-03-18-15-42-14,4758617,2026-07-21T19:37:15.877123117+00:00
C:\Users\patl5\OneDrive\Documents\BURE\xiang\PedNYC17\csv\CSV_Scenario-Ped-103_Session-temp_2024-03-18-14-58-23.csv,PedNYC17/csv/CSV_Scenario-Ped-103_Session-temp_2024-03-18-14-58-23.csv,PedNYC17,17,103,temp_2024-03-18-14-58-23,5970109,2026-07-21T19:37:15.940910339+00:00
C:\Users\patl5\OneDrive\Documents\BURE\xiang\PedNYC17\csv\CSV_Scenario-Ped-104_Session-temp_2024-03-18-15-39-34.csv,PedNYC17/csv/CSV_Scenario-Ped-104_Session-temp_2024-03-18-15-39-34.csv,PedNYC17,17,104,temp_2024-03-18-15-39-34,5832273,2026-07-21T19:37:15.994584322+00:00
C:\Users\patl5\OneDrive\Documents\BURE\xiang\PedNYC17\csv\CSV_Scenario-Ped-105_Session-temp_2024-03-18-14-52-17.csv,PedNYC17/csv/CSV_Scenario-Ped-105_Session-temp_2024-03-18-14-52-17.csv,PedNYC17,17,105,temp_2024-03-18-14-52-17,6847195,2026-07-21T19:37:16.063122511+00:00
C:\Users\patl5\OneDrive\Documents\BURE\xiang\PedNYC17\csv\CSV_Scenario-Ped-106_Session-temp_2024-03-18-15-11-48.csv,PedNYC17/csv/CSV_Scenario-Ped-106_Session-temp_2024-03-18-15-11-48.csv,PedNYC17,17,106,temp_2024-03-18-15-11-48,6524218,2026-07-21T19:37:16.135922909+00:00
C:\Users\patl5\OneDrive\Documents\BURE\xiang\PedNYC17\csv\CSV_Scenario-Ped-12_Session-temp_2024-03-18-15-15-07.csv,PedNYC17/csv/CSV_Scenario-Ped-12_Session-temp_2024-03-18-15-15-07.csv,PedNYC17,17,12,temp_2024-03-18-15-15-07,4458719,2026-07-21T19:37:16.190149069+00:00
C:\Users\patl5\OneDrive\Documents\BURE\xiang\PedNYC17\csv\CSV_Scenario-Ped-15_Session-temp_2024-03-18-15-44-50.csv,PedNYC17/csv/CSV_Scenario-Ped-15_Session-temp_2024-03-18-15-44-50.csv,PedNYC17,17,15,temp_2024-03-18-15-44-50,4395397,2026-07-21T19:37:16.253909111+00:00
C:\Users\patl5\OneDrive\Documents\BURE\xiang\PedNYC17\csv\CSV_Scenario-Ped-16_Session-temp_2024-03-18-15-33-16.csv,PedNYC17/csv/CSV_Scenario-Ped-16_Session-temp_2024-03-18-15-33-16.csv,PedNYC17,17,16,temp_2024-03-18-15-33-16,3241442,2026-07-21T19:37:16.287028313+00:00
C:\Users\patl5\OneDrive\Documents\BURE\xiang\PedNYC17\csv\CSV_Scenario-Ped-21_Session-temp_2024-03-18-15-08-28.csv,PedNYC17/csv/CSV_Scenario-Ped-21_Session-temp_2024-03-18-15-08-28.csv,PedNYC17,17,21,temp_2024-03-18-15-08-28,6974742,2026-07-21T19:37:16.357724190+00:00
C:\Users\patl5\OneDrive\Documents\BURE\xiang\PedNYC17\csv\CSV_Scenario-Ped-3_Session-temp_2024-03-18-15-18-26.csv,PedNYC17/csv/CSV_Scenario-Ped-3_Session-temp_2024-03-18-15-18-26.csv,PedNYC17,17,3,temp_2024-03-18-15-18-26,5179823,2026-07-21T19:37:16.411975384+00:00
C:\Users\patl5\OneDrive\Documents\BURE\xiang\PedNYC17\csv\CSV_Scenario-Ped-7_Session-temp_2024-03-18-15-35-36.csv,PedNYC17/csv/CSV_Scenario-Ped-7_Session-temp_2024-03-18-15-35-36.csv,PedNYC17,17,7,temp_2024-03-18-15-35-36,4343906,2026-07-21T19:37:16.476749897+00:00
C:\Users\patl5\OneDrive\Documents\BURE\xiang\PedNYC18\csv\CSV_Scenario-Ped-101_Session-temp_2024-03-20-11-50-42.csv,PedNYC18/csv/CSV_Scenario-Ped-101_Session-temp_2024-03-20-11-50-42.csv,PedNYC18,18,101,temp_2024-03-20-11-50-42,5652731,2026-07-21T19:37:16.875073195+00:00
C:\Users\patl5\OneDrive\Documents\BURE\xiang\PedNYC18\csv\CSV_Scenario-Ped-102_Session-temp_2024-03-20-11-55-41.csv,PedNYC18/csv/CSV_Scenario-Ped-102_Session-temp_2024-03-20-11-55-41.csv,PedNYC18,18,102,temp_2024-03-20-11-55-41,7527569,2026-07-21T19:37:16.964949369+00:00
C:\Users\patl5\OneDrive\Documents\BURE\xiang\PedNYC18\csv\CSV_Scenario-Ped-103_Session-temp_2024-03-20-12-08-02.csv,PedNYC18/csv/CSV_Scenario-Ped-103_Session-temp_2024-03-20-12-08-02.csv,PedNYC18,18,103,temp_2024-03-20-12-08-02,3783553,2026-07-21T19:37:17.002948523+00:00
C:\Users\patl5\OneDrive\Documents\BURE\xiang\PedNYC18\csv\CSV_Scenario-Ped-106_Session-temp_2024-03-20-12-13-21.csv,PedNYC18/csv/CSV_Scenario-Ped-106_Session-temp_2024-03-20-12-13-21.csv,PedNYC18,18,106,temp_2024-03-20-12-13-21,3593246,2026-07-21T19:37:17.034101009+00:00
C:\Users\patl5\OneDrive\Documents\BURE\xiang\PedNYC18\csv\CSV_Scenario-Ped-12_Session-temp_2024-03-20-12-04-40.csv,PedNYC18/csv/CSV_Scenario-Ped-12_Session-temp_2024-03-20-12-04-40.csv,PedNYC18,18,12,temp_2024-03-20-12-04-40,3922105,2026-07-21T19:37:17.066772699+00:00
C:\Users\patl5\OneDrive\Documents\BURE\xiang\PedNYC18\csv\CSV_Scenario-Ped-21_Session-temp_2024-03-20-12-10-57.csv,PedNYC18/csv/CSV_Scenario-Ped-21_Session-temp_2024-03-20-12-10-57.csv,PedNYC18,18,21,temp_2024-03-20-12-10-57,4770250,2026-07-21T19:37:17.111969948+00:00
C:\Users\patl5\OneDrive\Documents\BURE\xiang\PedNYC18\csv\CSV_Scenario-Ped-7_Session-temp_2024-03-20-12-26-47.csv,PedNYC18/csv/CSV_Scenario-Ped-7_Session-temp_2024-03-20-12-26-47.csv,PedNYC18,18,7,temp_2024-03-20-12-26-47,3870788,2026-07-21T19:37:17.146082640+00:00
C:\Users\patl5\OneDrive\Documents\BURE\xiang\PedNYC19\csv\CSV_Scenario-Ped-101_Session-temp_2024-03-20-15-28-38.csv,PedNYC19/csv/CSV_Scenario-Ped-101_Session-temp_2024-03-20-15-28-38.csv,PedNYC19,19,101,temp_2024-03-20-15-28-38,4647115,2026-07-21T19:37:17.364935398+00:00
C:\Users\patl5\OneDrive\Documents\BURE\xiang\PedNYC19\csv\CSV_Scenario-Ped-102_Session-temp_2024-03-20-14-46-12.csv,PedNYC19/csv/CSV_Scenario-Ped-102_Session-temp_2024-03-20-14-46-12.csv,PedNYC19,19,102,temp_2024-03-20-14-46-12,5583372,2026-07-21T19:37:17.415965319+00:00
C:\Users\patl5\OneDrive\Documents\BURE\xiang\PedNYC19\csv\CSV_Scenario-Ped-103_Session-temp_2024-03-20-15-03-46.csv,PedNYC19/csv/CSV_Scenario-Ped-103_Session-temp_2024-03-20-15-03-46.csv,PedNYC19,19,103,temp_2024-03-20-15-03-46,5889403,2026-07-21T19:37:17.472831011+00:00
C:\Users\patl5\OneDrive\Documents\BURE\xiang\PedNYC19\csv\CSV_Scenario-Ped-104_Session-temp_2024-03-20-14-51-08.csv,PedNYC19/csv/CSV_Scenario-Ped-104_Session-temp_2024-03-20-14-51-08.csv,PedNYC19,19,104,temp_2024-03-20-14-51-08,10303046,2026-07-21T19:37:17.568576813+00:00
C:\Users\patl5\OneDrive\Documents\BURE\xiang\PedNYC19\csv\CSV_Scenario-Ped-105_Session-temp_2024-03-20-15-36-59.csv,PedNYC19/csv/CSV_Scenario-Ped-105_Session-temp_2024-03-20-15-36-59.csv,PedNYC19,19,105,temp_2024-03-20-15-36-59,4007221,2026-07-21T19:37:17.605213404+00:00
C:\Users\patl5\OneDrive\Documents\BURE\xiang\PedNYC19\csv\CSV_Scenario-Ped-106_Session-temp_2024-03-20-15-14-20.csv,PedNYC19/csv/CSV_Scenario-Ped-106_Session-temp_2024-03-20-15-14-20.csv,PedNYC19,19,106,temp_2024-03-20-15-14-20,5999075,2026-07-21T19:37:17.660938501+00:00
C:\Users\patl5\OneDrive\Documents\BURE\xiang\PedNYC19\csv\CSV_Scenario-Ped-12_Session-temp_2024-03-20-14-41-25.csv,PedNYC19/csv/CSV_Scenario-Ped-12_Session-temp_2024-03-20-14-41-25.csv,PedNYC19,19,12,temp_2024-03-20-14-41-25,3980275,2026-07-21T19:37:17.699126244+00:00
C:\Users\patl5\OneDrive\Documents\BURE\xiang\PedNYC19\csv\CSV_Scenario-Ped-15_Session-temp_2024-03-20-15-31-18.csv,PedNYC19/csv/CSV_Scenario-Ped-15_Session-temp_2024-03-20-15-31-18.csv,PedNYC19,19,15,temp_2024-03-20-15-31-18,4492209,2026-07-21T19:37:17.755831718+00:00
C:\Users\patl5\OneDrive\Documents\BURE\xiang\PedNYC19\csv\CSV_Scenario-Ped-16_Session-temp_2024-03-20-15-19-02.csv,PedNYC19/csv/CSV_Scenario-Ped-16_Session-temp_2024-03-20-15-19-02.csv,PedNYC19,19,16,temp_2024-03-20-15-19-02,3576147,2026-07-21T19:37:17.793495655+00:00
C:\Users\patl5\OneDrive\Documents\BURE\xiang\PedNYC19\csv\CSV_Scenario-Ped-21_Session-temp_2024-03-20-15-34-11.csv,PedNYC19/csv/CSV_Scenario-Ped-21_Session-temp_2024-03-20-15-34-11.csv,PedNYC19,19,21,temp_2024-03-20-15-34-11,4480457,2026-07-21T19:37:17.840204954+00:00
C:\Users\patl5\OneDrive\Documents\BURE\xiang\PedNYC19\csv\CSV_Scenario-Ped-3_Session-temp_2024-03-20-15-00-55.csv,PedNYC19/csv/CSV_Scenario-Ped-3_Session-temp_2024-03-20-15-00-55.csv,PedNYC19,19,3,temp_2024-03-20-15-00-55,4995582,2026-07-21T19:37:17.917044878+00:00
C:\Users\patl5\OneDrive\Documents\BURE\xiang\PedNYC19\csv\CSV_Scenario-Ped-7_Session-temp_2024-03-20-14-55-57.csv,PedNYC19/csv/CSV_Scenario-Ped-7_Session-temp_2024-03-20-14-55-57.csv,PedNYC19,19,7,temp_2024-03-20-14-55-57,4176736,2026-07-21T19:37:17.955054283+00:00
C:\Users\patl5\OneDrive\Documents\BURE\xiang\PedNYC2\csv\CSV_Scenario-Ped-101_Session-temp_2024-02-22-16-27-08.csv,PedNYC2/csv/CSV_Scenario-Ped-101_Session-temp_2024-02-22-16-27-08.csv,PedNYC2,2,101,temp_2024-02-22-16-27-08,4775974,2026-07-21T19:37:18.333270788+00:00
C:\Users\patl5\OneDrive\Documents\BURE\xiang\PedNYC2\csv\CSV_Scenario-Ped-102_Session-temp_2024-02-22-16-30-26.csv,PedNYC2/csv/CSV_Scenario-Ped-102_Session-temp_2024-02-22-16-30-26.csv,PedNYC2,2,102,temp_2024-02-22-16-30-26,4516307,2026-07-21T19:37:18.382956505+00:00
C:\Users\patl5\OneDrive\Documents\BURE\xiang\PedNYC2\csv\CSV_Scenario-Ped-103_Session-temp_2024-02-22-16-52-20.csv,PedNYC2/csv/CSV_Scenario-Ped-103_Session-temp_2024-02-22-16-52-20.csv,PedNYC2,2,103,temp_2024-02-22-16-52-20,3651101,2026-07-21T19:37:18.435205936+00:00
C:\Users\patl5\OneDrive\Documents\BURE\xiang\PedNYC2\csv\CSV_Scenario-Ped-104_Session-temp_2024-02-22-16-49-03.csv,PedNYC2/csv/CSV_Scenario-Ped-104_Session-temp_2024-02-22-16-49-03.csv,PedNYC2,2,104,temp_2024-02-22-16-49-03,4199164,2026-07-21T19:37:18.494448662+00:00
C:\Users\patl5\OneDrive\Documents\BURE\xiang\PedNYC2\csv\CSV_Scenario-Ped-105_Session-temp_2024-02-22-16-37-03.csv,PedNYC2/csv/CSV_Scenario-Ped-105_Session-temp_2024-02-22-16-37-03.csv,PedNYC2,2,105,temp_2024-02-22-16-37-03,5047485,2026-07-21T19:37:18.545133352+00:00
C:\Users\patl5\OneDrive\Documents\BURE\xiang\PedNYC2\csv\CSV_Scenario-Ped-106_Session-temp_2024-02-22-16-33-39.csv,PedNYC2/csv/CSV_Scenario-Ped-106_Session-temp_2024-02-22-16-33-39.csv,PedNYC2,2,106,temp_2024-02-22-16-33-39,5566980,2026-07-21T19:37:18.602849483+00:00
C:\Users\patl5\OneDrive\Documents\BURE\xiang\PedNYC2\csv\CSV_Scenario-Ped-12_Session-temp_2024-02-22-16-22-26.csv,PedNYC2/csv/CSV_Scenario-Ped-12_Session-temp_2024-02-22-16-22-26.csv,PedNYC2,2,12,temp_2024-02-22-16-22-26,4360109,2026-07-21T19:37:18.644989252+00:00
C:\Users\patl5\OneDrive\Documents\BURE\xiang\PedNYC2\csv\CSV_Scenario-Ped-15_Session-temp_2024-02-22-16-40-21.csv,PedNYC2/csv/CSV_Scenario-Ped-15_Session-temp_2024-02-22-16-40-21.csv,PedNYC2,2,15,temp_2024-02-22-16-40-21,4187970,2026-07-21T19:37:18.690204144+00:00
C:\Users\patl5\OneDrive\Documents\BURE\xiang\PedNYC2\csv\CSV_Scenario-Ped-16_Session-temp_2024-02-22-17-03-50.csv,PedNYC2/csv/CSV_Scenario-Ped-16_Session-temp_2024-02-22-17-03-50.csv,PedNYC2,2,16,temp_2024-02-22-17-03-50,3299603,2026-07-21T19:37:18.733891249+00:00
C:\Users\patl5\OneDrive\Documents\BURE\xiang\PedNYC2\csv\CSV_Scenario-Ped-21_Session-temp_2024-02-22-17-01-00.csv,PedNYC2/csv/CSV_Scenario-Ped-21_Session-temp_2024-02-22-17-01-00.csv,PedNYC2,2,21,temp_2024-02-22-17-01-00,3668660,2026-07-21T19:37:18.767518282+00:00
C:\Users\patl5\OneDrive\Documents\BURE\xiang\PedNYC2\csv\CSV_Scenario-Ped-3_Session-temp_2024-02-22-16-58-19.csv,PedNYC2/csv/CSV_Scenario-Ped-3_Session-temp_2024-02-22-16-58-19.csv,PedNYC2,2,3,temp_2024-02-22-16-58-19,3276483,2026-07-21T19:37:18.802875996+00:00
C:\Users\patl5\OneDrive\Documents\BURE\xiang\PedNYC2\csv\CSV_Scenario-Ped-7_Session-temp_2024-02-22-16-55-03.csv,PedNYC2/csv/CSV_Scenario-Ped-7_Session-temp_2024-02-22-16-55-03.csv,PedNYC2,2,7,temp_2024-02-22-16-55-03,6161231,2026-07-21T19:37:18.851201534+00:00
C:\Users\patl5\OneDrive\Documents\BURE\xiang\PedNYC20\csv\CSV_Scenario-Ped-102_Session-temp_2024-03-22-15-09-43.csv,PedNYC20/csv/CSV_Scenario-Ped-102_Session-temp_2024-03-22-15-09-43.csv,PedNYC20,20,102,temp_2024-03-22-15-09-43,4314382,2026-07-21T19:37:19.033335686+00:00
C:\Users\patl5\OneDrive\Documents\BURE\xiang\PedNYC20\csv\CSV_Scenario-Ped-104_Session-temp_2024-03-22-14-57-42.csv,PedNYC20/csv/CSV_Scenario-Ped-104_Session-temp_2024-03-22-14-57-42.csv,PedNYC20,20,104,temp_2024-03-22-14-57-42,18784686,2026-07-21T19:37:19.166966677+00:00
C:\Users\patl5\OneDrive\Documents\BURE\xiang\PedNYC20\csv\CSV_Scenario-Ped-104_Session-temp_2024-03-22-15-03-41.csv,PedNYC20/csv/CSV_Scenario-Ped-104_Session-temp_2024-03-22-15-03-41.csv,PedNYC20,20,104,temp_2024-03-22-15-03-41,166288,2026-07-21T19:37:19.171146393+00:00
C:\Users\patl5\OneDrive\Documents\BURE\xiang\PedNYC20\csv\CSV_Scenario-Ped-105_Session-temp_2024-03-22-14-52-21.csv,PedNYC20/csv/CSV_Scenario-Ped-105_Session-temp_2024-03-22-14-52-21.csv,PedNYC20,20,105,temp_2024-03-22-14-52-21,5220309,2026-07-21T19:37:19.208782434+00:00
C:\Users\patl5\OneDrive\Documents\BURE\xiang\PedNYC20\csv\CSV_Scenario-Ped-106_Session-temp_2024-03-22-15-12-40.csv,PedNYC20/csv/CSV_Scenario-Ped-106_Session-temp_2024-03-22-15-12-40.csv,PedNYC20,20,106,temp_2024-03-22-15-12-40,5595108,2026-07-21T19:37:19.255958556+00:00
C:\Users\patl5\OneDrive\Documents\BURE\xiang\PedNYC20\csv\CSV_Scenario-Ped-12_Session-temp_2024-03-22-15-06-49.csv,PedNYC20/csv/CSV_Scenario-Ped-12_Session-temp_2024-03-22-15-06-49.csv,PedNYC20,20,12,temp_2024-03-22-15-06-49,4245124,2026-07-21T19:37:19.290089607+00:00
C:\Users\patl5\OneDrive\Documents\BURE\xiang\PedNYC20\csv\CSV_Scenario-Ped-15_Session-temp_2024-03-22-14-44-43.csv,PedNYC20/csv/CSV_Scenario-Ped-15_Session-temp_2024-03-22-14-44-43.csv,PedNYC20,20,15,temp_2024-03-22-14-44-43,6401803,2026-07-21T19:37:19.338790894+00:00
C:\Users\patl5\OneDrive\Documents\BURE\xiang\PedNYC20\csv\CSV_Scenario-Ped-16_Session-temp_2024-03-22-15-16-03.csv,PedNYC20/csv/CSV_Scenario-Ped-16_Session-temp_2024-03-22-15-16-03.csv,PedNYC20,20,16,temp_2024-03-22-15-16-03,3703105,2026-07-21T19:37:19.366859198+00:00
C:\Users\patl5\OneDrive\Documents\BURE\xiang\PedNYC20\csv\CSV_Scenario-Ped-21_Session-temp_2024-03-22-14-48-45.csv,PedNYC20/csv/CSV_Scenario-Ped-21_Session-temp_2024-03-22-14-48-45.csv,PedNYC20,20,21,temp_2024-03-22-14-48-45,6205799,2026-07-21T19:37:19.416736364+00:00
C:\Users\patl5\OneDrive\Documents\BURE\xiang\PedNYC21\csv\CSV_Scenario-Ped-102_Session-temp_2024-03-26-11-31-26.csv,PedNYC21/csv/CSV_Scenario-Ped-102_Session-temp_2024-03-26-11-31-26.csv,PedNYC21,21,102,temp_2024-03-26-11-31-26,6535526,2026-07-21T19:37:19.650219917+00:00
C:\Users\patl5\OneDrive\Documents\BURE\xiang\PedNYC21\csv\CSV_Scenario-Ped-103_Session-temp_2024-03-26-11-49-08.csv,PedNYC21/csv/CSV_Scenario-Ped-103_Session-temp_2024-03-26-11-49-08.csv,PedNYC21,21,103,temp_2024-03-26-11-49-08,5871706,2026-07-21T19:37:19.706142902+00:00
C:\Users\patl5\OneDrive\Documents\BURE\xiang\PedNYC21\csv\CSV_Scenario-Ped-104_Session-temp_2024-03-26-11-41-15.csv,PedNYC21/csv/CSV_Scenario-Ped-104_Session-temp_2024-03-26-11-41-15.csv,PedNYC21,21,104,temp_2024-03-26-11-41-15,10994621,2026-07-21T19:37:19.806124210+00:00
C:\Users\patl5\OneDrive\Documents\BURE\xiang\PedNYC21\csv\CSV_Scenario-Ped-106_Session-temp_2024-03-26-11-22-58.csv,PedNYC21/csv/CSV_Scenario-Ped-106_Session-temp_2024-03-26-11-22-58.csv,PedNYC21,21,106,temp_2024-03-26-11-22-58,8128429,2026-07-21T19:37:19.888461590+00:00
C:\Users\patl5\OneDrive\Documents\BURE\xiang\PedNYC21\csv\CSV_Scenario-Ped-12_Session-temp_2024-03-26-11-27-17.csv,PedNYC21/csv/CSV_Scenario-Ped-12_Session-temp_2024-03-26-11-27-17.csv,PedNYC21,21,12,temp_2024-03-26-11-27-17,6345157,2026-07-21T19:37:19.957800865+00:00
C:\Users\patl5\OneDrive\Documents\BURE\xiang\PedNYC21\csv\CSV_Scenario-Ped-21_Session-temp_2024-03-26-11-18-35.csv,PedNYC21/csv/CSV_Scenario-Ped-21_Session-temp_2024-03-26-11-18-35.csv,PedNYC21,21,21,temp_2024-03-26-11-18-35,17668774,2026-07-21T19:37:20.127525091+00:00
C:\Users\patl5\OneDrive\Documents\BURE\xiang\PedNYC21\csv\CSV_Scenario-Ped-3_Session-temp_2024-03-26-11-45-25.csv,PedNYC21/csv/CSV_Scenario-Ped-3_Session-temp_2024-03-26-11-45-25.csv,PedNYC21,21,3,temp_2024-03-26-11-45-25,5941291,2026-07-21T19:37:20.192814112+00:00
C:\Users\patl5\OneDrive\Documents\BURE\xiang\PedNYC21\csv\CSV_Scenario-Ped-7_Session-temp_2024-03-26-11-37-27.csv,PedNYC21/csv/CSV_Scenario-Ped-7_Session-temp_2024-03-26-11-37-27.csv,PedNYC21,21,7,temp_2024-03-26-11-37-27,5901833,2026-07-21T19:37:20.247814417+00:00
C:\Users\patl5\OneDrive\Documents\BURE\xiang\PedNYC22\csv\CSV_Scenario-Ped-101_Session-temp_2024-03-27-11-36-10.csv,PedNYC22/csv/CSV_Scenario-Ped-101_Session-temp_2024-03-27-11-36-10.csv,PedNYC22,22,101,temp_2024-03-27-11-36-10,6114006,2026-07-21T19:37:20.702165604+00:00
C:\Users\patl5\OneDrive\Documents\BURE\xiang\PedNYC22\csv\CSV_Scenario-Ped-102_Session-temp_2024-03-27-11-44-48.csv,PedNYC22/csv/CSV_Scenario-Ped-102_Session-temp_2024-03-27-11-44-48.csv,PedNYC22,22,102,temp_2024-03-27-11-44-48,4608391,2026-07-21T19:37:20.742328167+00:00
C:\Users\patl5\OneDrive\Documents\BURE\xiang\PedNYC22\csv\CSV_Scenario-Ped-103_Session-temp_2024-03-27-11-25-09.csv,PedNYC22/csv/CSV_Scenario-Ped-103_Session-temp_2024-03-27-11-25-09.csv,PedNYC22,22,103,temp_2024-03-27-11-25-09,5081687,2026-07-21T19:37:20.782263041+00:00
C:\Users\patl5\OneDrive\Documents\BURE\xiang\PedNYC22\csv\CSV_Scenario-Ped-104_Session-temp_2024-03-27-11-30-22.csv,PedNYC22/csv/CSV_Scenario-Ped-104_Session-temp_2024-03-27-11-30-22.csv,PedNYC22,22,104,temp_2024-03-27-11-30-22,6621900,2026-07-21T19:37:20.848523140+00:00
C:\Users\patl5\OneDrive\Documents\BURE\xiang\PedNYC22\csv\CSV_Scenario-Ped-105_Session-temp_2024-03-27-11-27-48.csv,PedNYC22/csv/CSV_Scenario-Ped-105_Session-temp_2024-03-27-11-27-48.csv,PedNYC22,22,105,temp_2024-03-27-11-27-48,5647349,2026-07-21T19:37:20.900240183+00:00
C:\Users\patl5\OneDrive\Documents\BURE\xiang\PedNYC22\csv\CSV_Scenario-Ped-106_Session-temp_2024-03-27-11-17-34.csv,PedNYC22/csv/CSV_Scenario-Ped-106_Session-temp_2024-03-27-11-17-34.csv,PedNYC22,22,106,temp_2024-03-27-11-17-34,9633867,2026-07-21T19:37:20.987109184+00:00
C:\Users\patl5\OneDrive\Documents\BURE\xiang\PedNYC22\csv\CSV_Scenario-Ped-12_Session-temp_2024-03-27-11-33-23.csv,PedNYC22/csv/CSV_Scenario-Ped-12_Session-temp_2024-03-27-11-33-23.csv,PedNYC22,22,12,temp_2024-03-27-11-33-23,4510782,2026-07-21T19:37:21.033118248+00:00
C:\Users\patl5\OneDrive\Documents\BURE\xiang\PedNYC22\csv\CSV_Scenario-Ped-15_Session-temp_2024-03-27-11-47-31.csv,PedNYC22/csv/CSV_Scenario-Ped-15_Session-temp_2024-03-27-11-47-31.csv,PedNYC22,22,15,temp_2024-03-27-11-47-31,4787826,2026-07-21T19:37:21.075884342+00:00
C:\Users\patl5\OneDrive\Documents\BURE\xiang\PedNYC22\csv\CSV_Scenario-Ped-16_Session-temp_2024-03-27-11-22-15.csv,PedNYC22/csv/CSV_Scenario-Ped-16_Session-temp_2024-03-27-11-22-15.csv,PedNYC22,22,16,temp_2024-03-27-11-22-15,4632222,2026-07-21T19:37:21.108473301+00:00
C:\Users\patl5\OneDrive\Documents\BURE\xiang\PedNYC22\csv\CSV_Scenario-Ped-21_Session-temp_2024-03-27-11-13-06.csv,PedNYC22/csv/CSV_Scenario-Ped-21_Session-temp_2024-03-27-11-13-06.csv,PedNYC22,22,21,temp_2024-03-27-11-13-06,7930881,2026-07-21T19:37:21.178364754+00:00
C:\Users\patl5\OneDrive\Documents\BURE\xiang\PedNYC22\csv\CSV_Scenario-Ped-3_Session-temp_2024-03-27-11-38-59.csv,PedNYC22/csv/CSV_Scenario-Ped-3_Session-temp_2024-03-27-11-38-59.csv,PedNYC22,22,3,temp_2024-03-27-11-38-59,5676462,2026-07-21T19:37:21.242135763+00:00
C:\Users\patl5\OneDrive\Documents\BURE\xiang\PedNYC22\csv\CSV_Scenario-Ped-7_Session-temp_2024-03-27-11-41-52.csv,PedNYC22/csv/CSV_Scenario-Ped-7_Session-temp_2024-03-27-11-41-52.csv,PedNYC22,22,7,temp_2024-03-27-11-41-52,7332853,2026-07-21T19:37:21.328474045+00:00
C:\Users\patl5\OneDrive\Documents\BURE\xiang\PedNYC23\csv\CSV_Scenario-Ped-101_Session-temp_2024-03-28-14-22-59.csv,PedNYC23/csv/CSV_Scenario-Ped-101_Session-temp_2024-03-28-14-22-59.csv,PedNYC23,23,101,temp_2024-03-28-14-22-59,3909875,2026-07-21T19:37:21.578711987+00:00
C:\Users\patl5\OneDrive\Documents\BURE\xiang\PedNYC23\csv\CSV_Scenario-Ped-102_Session-temp_2024-03-28-14-01-35.csv,PedNYC23/csv/CSV_Scenario-Ped-102_Session-temp_2024-03-28-14-01-35.csv,PedNYC23,23,102,temp_2024-03-28-14-01-35,4839192,2026-07-21T19:37:21.640950203+00:00
C:\Users\patl5\OneDrive\Documents\BURE\xiang\PedNYC23\csv\CSV_Scenario-Ped-103_Session-temp_2024-03-28-14-17-01.csv,PedNYC23/csv/CSV_Scenario-Ped-103_Session-temp_2024-03-28-14-17-01.csv,PedNYC23,23,103,temp_2024-03-28-14-17-01,7457140,2026-07-21T19:37:21.725259781+00:00
C:\Users\patl5\OneDrive\Documents\BURE\xiang\PedNYC23\csv\CSV_Scenario-Ped-104_Session-temp_2024-03-28-13-57-52.csv,PedNYC23/csv/CSV_Scenario-Ped-104_Session-temp_2024-03-28-13-57-52.csv,PedNYC23,23,104,temp_2024-03-28-13-57-52,8116710,2026-07-21T19:37:21.800214767+00:00
C:\Users\patl5\OneDrive\Documents\BURE\xiang\PedNYC23\csv\CSV_Scenario-Ped-105_Session-temp_2024-03-28-13-41-28.csv,PedNYC23/csv/CSV_Scenario-Ped-105_Session-temp_2024-03-28-13-41-28.csv,PedNYC23,23,105,temp_2024-03-28-13-41-28,5351252,2026-07-21T19:37:21.851911783+00:00
C:\Users\patl5\OneDrive\Documents\BURE\xiang\PedNYC23\csv\CSV_Scenario-Ped-106_Session-temp_2024-03-28-14-20-15.csv,PedNYC23/csv/CSV_Scenario-Ped-106_Session-temp_2024-03-28-14-20-15.csv,PedNYC23,23,106,temp_2024-03-28-14-20-15,4492254,2026-07-21T19:37:21.892055511+00:00
C:\Users\patl5\OneDrive\Documents\BURE\xiang\PedNYC23\csv\CSV_Scenario-Ped-12_Session-temp_2024-03-28-13-51-59.csv,PedNYC23/csv/CSV_Scenario-Ped-12_Session-temp_2024-03-28-13-51-59.csv,PedNYC23,23,12,temp_2024-03-28-13-51-59,3281664,2026-07-21T19:37:21.927368402+00:00
C:\Users\patl5\OneDrive\Documents\BURE\xiang\PedNYC23\csv\CSV_Scenario-Ped-15_Session-temp_2024-03-28-13-36-21.csv,PedNYC23/csv/CSV_Scenario-Ped-15_Session-temp_2024-03-28-13-36-21.csv,PedNYC23,23,15,temp_2024-03-28-13-36-21,7704922,2026-07-21T19:37:22.008728504+00:00
C:\Users\patl5\OneDrive\Documents\BURE\xiang\PedNYC23\csv\CSV_Scenario-Ped-16_Session-temp_2024-03-28-13-48-30.csv,PedNYC23/csv/CSV_Scenario-Ped-16_Session-temp_2024-03-28-13-48-30.csv,PedNYC23,23,16,temp_2024-03-28-13-48-30,5849528,2026-07-21T19:37:22.068814754+00:00
C:\Users\patl5\OneDrive\Documents\BURE\xiang\PedNYC23\csv\CSV_Scenario-Ped-21_Session-temp_2024-03-28-13-45-03.csv,PedNYC23/csv/CSV_Scenario-Ped-21_Session-temp_2024-03-28-13-45-03.csv,PedNYC23,23,21,temp_2024-03-28-13-45-03,6598628,2026-07-21T19:37:22.127775192+00:00
C:\Users\patl5\OneDrive\Documents\BURE\xiang\PedNYC23\csv\CSV_Scenario-Ped-3_Session-temp_2024-03-28-13-54-38.csv,PedNYC23/csv/CSV_Scenario-Ped-3_Session-temp_2024-03-28-13-54-38.csv,PedNYC23,23,3,temp_2024-03-28-13-54-38,5422538,2026-07-21T19:37:22.187010527+00:00
C:\Users\patl5\OneDrive\Documents\BURE\xiang\PedNYC23\csv\CSV_Scenario-Ped-7_Session-temp_2024-03-28-14-25-44.csv,PedNYC23/csv/CSV_Scenario-Ped-7_Session-temp_2024-03-28-14-25-44.csv,PedNYC23,23,7,temp_2024-03-28-14-25-44,4453883,2026-07-21T19:37:22.225209236+00:00
C:\Users\patl5\OneDrive\Documents\BURE\xiang\PedNYC24\csv\CSV_Scenario-Ped-101_Session-temp_2024-03-29-15-02-20.csv,PedNYC24/csv/CSV_Scenario-Ped-101_Session-temp_2024-03-29-15-02-20.csv,PedNYC24,24,101,temp_2024-03-29-15-02-20,3136055,2026-07-21T19:37:22.478755713+00:00
C:\Users\patl5\OneDrive\Documents\BURE\xiang\PedNYC24\csv\CSV_Scenario-Ped-101_Session-temp_2024-03-29-15-02-52.csv,PedNYC24/csv/CSV_Scenario-Ped-101_Session-temp_2024-03-29-15-02-52.csv,PedNYC24,24,101,temp_2024-03-29-15-02-52,3799368,2026-07-21T19:37:22.512898445+00:00
C:\Users\patl5\OneDrive\Documents\BURE\xiang\PedNYC24\csv\CSV_Scenario-Ped-102_Session-temp_2024-03-29-15-19-10.csv,PedNYC24/csv/CSV_Scenario-Ped-102_Session-temp_2024-03-29-15-19-10.csv,PedNYC24,24,102,temp_2024-03-29-15-19-10,3506459,2026-07-21T19:37:22.552061319+00:00
C:\Users\patl5\OneDrive\Documents\BURE\xiang\PedNYC24\csv\CSV_Scenario-Ped-103_Session-temp_2024-03-29-15-11-04.csv,PedNYC24/csv/CSV_Scenario-Ped-103_Session-temp_2024-03-29-15-11-04.csv,PedNYC24,24,103,temp_2024-03-29-15-11-04,4215551,2026-07-21T19:37:22.593668938+00:00
C:\Users\patl5\OneDrive\Documents\BURE\xiang\PedNYC24\csv\CSV_Scenario-Ped-104_Session-temp_2024-03-29-15-24-24.csv,PedNYC24/csv/CSV_Scenario-Ped-104_Session-temp_2024-03-29-15-24-24.csv,PedNYC24,24,104,temp_2024-03-29-15-24-24,4937608,2026-07-21T19:37:22.643839836+00:00
C:\Users\patl5\OneDrive\Documents\BURE\xiang\PedNYC24\csv\CSV_Scenario-Ped-105_Session-temp_2024-03-29-15-08-27.csv,PedNYC24/csv/CSV_Scenario-Ped-105_Session-temp_2024-03-29-15-08-27.csv,PedNYC24,24,105,temp_2024-03-29-15-08-27,4757411,2026-07-21T19:37:22.697112322+00:00
C:\Users\patl5\OneDrive\Documents\BURE\xiang\PedNYC24\csv\CSV_Scenario-Ped-106_Session-temp_2024-03-29-14-40-40.csv,PedNYC24/csv/CSV_Scenario-Ped-106_Session-temp_2024-03-29-14-40-40.csv,PedNYC24,24,106,temp_2024-03-29-14-40-40,7451774,2026-07-21T19:37:22.776135206+00:00
C:\Users\patl5\OneDrive\Documents\BURE\xiang\PedNYC24\csv\CSV_Scenario-Ped-12_Session-temp_2024-03-29-15-05-18.csv,PedNYC24/csv/CSV_Scenario-Ped-12_Session-temp_2024-03-29-15-05-18.csv,PedNYC24,24,12,temp_2024-03-29-15-05-18,4186308,2026-07-21T19:37:22.821073055+00:00
C:\Users\patl5\OneDrive\Documents\BURE\xiang\PedNYC24\csv\CSV_Scenario-Ped-15_Session-temp_2024-03-29-14-49-44.csv,PedNYC24/csv/CSV_Scenario-Ped-15_Session-temp_2024-03-29-14-49-44.csv,PedNYC24,24,15,temp_2024-03-29-14-49-44,6495346,2026-07-21T19:37:22.891592264+00:00
C:\Users\patl5\OneDrive\Documents\BURE\xiang\PedNYC24\csv\CSV_Scenario-Ped-16_Session-temp_2024-03-29-15-21-27.csv,PedNYC24/csv/CSV_Scenario-Ped-16_Session-temp_2024-03-29-15-21-27.csv,PedNYC24,24,16,temp_2024-03-29-15-21-27,5342073,2026-07-21T19:37:22.944103003+00:00
C:\Users\patl5\OneDrive\Documents\BURE\xiang\PedNYC24\csv\CSV_Scenario-Ped-21_Session-temp_2024-03-29-15-13-27.csv,PedNYC24/csv/CSV_Scenario-Ped-21_Session-temp_2024-03-29-15-13-27.csv,PedNYC24,24,21,temp_2024-03-29-15-13-27,6661376,2026-07-21T19:37:23.008138895+00:00
C:\Users\patl5\OneDrive\Documents\BURE\xiang\PedNYC24\csv\CSV_Scenario-Ped-3_Session-temp_2024-03-29-14-46-40.csv,PedNYC24/csv/CSV_Scenario-Ped-3_Session-temp_2024-03-29-14-46-40.csv,PedNYC24,24,3,temp_2024-03-29-14-46-40,5520127,2026-07-21T19:37:23.051592827+00:00
C:\Users\patl5\OneDrive\Documents\BURE\xiang\PedNYC24\csv\CSV_Scenario-Ped-7_Session-temp_2024-03-29-15-16-13.csv,PedNYC24/csv/CSV_Scenario-Ped-7_Session-temp_2024-03-29-15-16-13.csv,PedNYC24,24,7,temp_2024-03-29-15-16-13,5186252,2026-07-21T19:37:23.096122742+00:00
C:\Users\patl5\OneDrive\Documents\BURE\xiang\PedNYC25\csv\CSV_Scenario-Ped-101_Session-temp_2024-04-03-11-51-03.csv,PedNYC25/csv/CSV_Scenario-Ped-101_Session-temp_2024-04-03-11-51-03.csv,PedNYC25,25,101,temp_2024-04-03-11-51-03,2773745,2026-07-21T19:37:23.332776308+00:00
C:\Users\patl5\OneDrive\Documents\BURE\xiang\PedNYC25\csv\CSV_Scenario-Ped-102_Session-temp_2024-04-03-11-48-51.csv,PedNYC25/csv/CSV_Scenario-Ped-102_Session-temp_2024-04-03-11-48-51.csv,PedNYC25,25,102,temp_2024-04-03-11-48-51,4163475,2026-07-21T19:37:23.370833158+00:00
C:\Users\patl5\OneDrive\Documents\BURE\xiang\PedNYC25\csv\CSV_Scenario-Ped-103_Session-temp_2024-04-03-11-24-33.csv,PedNYC25/csv/CSV_Scenario-Ped-103_Session-temp_2024-04-03-11-24-33.csv,PedNYC25,25,103,temp_2024-04-03-11-24-33,6830174,2026-07-21T19:37:23.428831816+00:00
C:\Users\patl5\OneDrive\Documents\BURE\xiang\PedNYC25\csv\CSV_Scenario-Ped-104_Session-temp_2024-04-03-11-21-36.csv,PedNYC25/csv/CSV_Scenario-Ped-104_Session-temp_2024-04-03-11-21-36.csv,PedNYC25,25,104,temp_2024-04-03-11-21-36,4481741,2026-07-21T19:37:23.470594883+00:00
C:\Users\patl5\OneDrive\Documents\BURE\xiang\PedNYC25\csv\CSV_Scenario-Ped-105_Session-temp_2024-04-03-11-44-32.csv,PedNYC25/csv/CSV_Scenario-Ped-105_Session-temp_2024-04-03-11-44-32.csv,PedNYC25,25,105,temp_2024-04-03-11-44-32,4797359,2026-07-21T19:37:23.516264915+00:00
C:\Users\patl5\OneDrive\Documents\BURE\xiang\PedNYC25\csv\CSV_Scenario-Ped-106_Session-temp_2024-04-03-11-31-01.csv,PedNYC25/csv/CSV_Scenario-Ped-106_Session-temp_2024-04-03-11-31-01.csv,PedNYC25,25,106,temp_2024-04-03-11-31-01,5618647,2026-07-21T19:37:23.565931559+00:00
C:\Users\patl5\OneDrive\Documents\BURE\xiang\PedNYC25\csv\CSV_Scenario-Ped-15_Session-temp_2024-04-03-11-41-35.csv,PedNYC25/csv/CSV_Scenario-Ped-15_Session-temp_2024-04-03-11-41-35.csv,PedNYC25,25,15,temp_2024-04-03-11-41-35,6135977,2026-07-21T19:37:23.611113071+00:00
C:\Users\patl5\OneDrive\Documents\BURE\xiang\PedNYC25\csv\CSV_Scenario-Ped-16_Session-temp_2024-04-03-11-15-03.csv,PedNYC25/csv/CSV_Scenario-Ped-16_Session-temp_2024-04-03-11-15-03.csv,PedNYC25,25,16,temp_2024-04-03-11-15-03,5053278,2026-07-21T19:37:23.651281834+00:00
C:\Users\patl5\OneDrive\Documents\BURE\xiang\PedNYC25\csv\CSV_Scenario-Ped-21_Session-temp_2024-04-03-11-04-15.csv,PedNYC25/csv/CSV_Scenario-Ped-21_Session-temp_2024-04-03-11-04-15.csv,PedNYC25,25,21,temp_2024-04-03-11-04-15,6484166,2026-07-21T19:37:23.703413725+00:00
C:\Users\patl5\OneDrive\Documents\BURE\xiang\PedNYC25\csv\CSV_Scenario-Ped-3_Session-temp_2024-04-03-11-09-33.csv,PedNYC25/csv/CSV_Scenario-Ped-3_Session-temp_2024-04-03-11-09-33.csv,PedNYC25,25,3,temp_2024-04-03-11-09-33,7239735,2026-07-21T19:37:23.765385389+00:00
C:\Users\patl5\OneDrive\Documents\BURE\xiang\PedNYC25\csv\CSV_Scenario-Ped-7_Session-temp_2024-04-03-11-18-41.csv,PedNYC25/csv/CSV_Scenario-Ped-7_Session-temp_2024-04-03-11-18-41.csv,PedNYC25,25,7,temp_2024-04-03-11-18-41,5134435,2026-07-21T19:37:23.800993681+00:00
C:\Users\patl5\OneDrive\Documents\BURE\xiang\PedNYC26\csv\CSV_Scenario-Ped-101_Session-temp_2024-04-08-14-34-06.csv,PedNYC26/csv/CSV_Scenario-Ped-101_Session-temp_2024-04-08-14-34-06.csv,PedNYC26,26,101,temp_2024-04-08-14-34-06,5300429,2026-07-21T19:37:24.105428696+00:00
C:\Users\patl5\OneDrive\Documents\BURE\xiang\PedNYC26\csv\CSV_Scenario-Ped-102_Session-temp_2024-04-08-14-47-09.csv,PedNYC26/csv/CSV_Scenario-Ped-102_Session-temp_2024-04-08-14-47-09.csv,PedNYC26,26,102,temp_2024-04-08-14-47-09,4925620,2026-07-21T19:37:24.162253618+00:00
C:\Users\patl5\OneDrive\Documents\BURE\xiang\PedNYC26\csv\CSV_Scenario-Ped-103_Session-temp_2024-04-08-15-02-50.csv,PedNYC26/csv/CSV_Scenario-Ped-103_Session-temp_2024-04-08-15-02-50.csv,PedNYC26,26,103,temp_2024-04-08-15-02-50,3656437,2026-07-21T19:37:24.200901508+00:00
C:\Users\patl5\OneDrive\Documents\BURE\xiang\PedNYC26\csv\CSV_Scenario-Ped-104_Session-temp_2024-04-08-14-53-17.csv,PedNYC26/csv/CSV_Scenario-Ped-104_Session-temp_2024-04-08-14-53-17.csv,PedNYC26,26,104,temp_2024-04-08-14-53-17,9461133,2026-07-21T19:37:24.306888342+00:00
C:\Users\patl5\OneDrive\Documents\BURE\xiang\PedNYC26\csv\CSV_Scenario-Ped-105_Session-temp_2024-04-08-14-50-16.csv,PedNYC26/csv/CSV_Scenario-Ped-105_Session-temp_2024-04-08-14-50-16.csv,PedNYC26,26,105,temp_2024-04-08-14-50-16,3801054,2026-07-21T19:37:24.364627600+00:00
C:\Users\patl5\OneDrive\Documents\BURE\xiang\PedNYC26\csv\CSV_Scenario-Ped-106_Session-temp_2024-04-08-14-44-20.csv,PedNYC26/csv/CSV_Scenario-Ped-106_Session-temp_2024-04-08-14-44-20.csv,PedNYC26,26,106,temp_2024-04-08-14-44-20,4995081,2026-07-21T19:37:24.442451477+00:00
C:\Users\patl5\OneDrive\Documents\BURE\xiang\PedNYC26\csv\CSV_Scenario-Ped-12_Session-temp_2024-04-08-14-37-59.csv,PedNYC26/csv/CSV_Scenario-Ped-12_Session-temp_2024-04-08-14-37-59.csv,PedNYC26,26,12,temp_2024-04-08-14-37-59,5745525,2026-07-21T19:37:24.501764536+00:00
C:\Users\patl5\OneDrive\Documents\BURE\xiang\PedNYC26\csv\CSV_Scenario-Ped-15_Session-temp_2024-04-08-14-56-17.csv,PedNYC26/csv/CSV_Scenario-Ped-15_Session-temp_2024-04-08-14-56-17.csv,PedNYC26,26,15,temp_2024-04-08-14-56-17,5803101,2026-07-21T19:37:24.556936979+00:00
C:\Users\patl5\OneDrive\Documents\BURE\xiang\PedNYC26\csv\CSV_Scenario-Ped-16_Session-temp_2024-04-08-14-41-38.csv,PedNYC26/csv/CSV_Scenario-Ped-16_Session-temp_2024-04-08-14-41-38.csv,PedNYC26,26,16,temp_2024-04-08-14-41-38,4286095,2026-07-21T19:37:24.611691713+00:00
C:\Users\patl5\OneDrive\Documents\BURE\xiang\PedNYC26\csv\CSV_Scenario-Ped-21_Session-temp_2024-04-08-15-00-44.csv,PedNYC26/csv/CSV_Scenario-Ped-21_Session-temp_2024-04-08-15-00-44.csv,PedNYC26,26,21,temp_2024-04-08-15-00-44,4170213,2026-07-21T19:37:24.663372517+00:00
C:\Users\patl5\OneDrive\Documents\BURE\xiang\PedNYC26\csv\CSV_Scenario-Ped-3_Session-temp_2024-04-08-14-29-48.csv,PedNYC26/csv/CSV_Scenario-Ped-3_Session-temp_2024-04-08-14-29-48.csv,PedNYC26,26,3,temp_2024-04-08-14-29-48,5803437,2026-07-21T19:37:24.717634916+00:00
C:\Users\patl5\OneDrive\Documents\BURE\xiang\PedNYC26\csv\CSV_Scenario-Ped-7_Session-temp_2024-04-08-14-58-47.csv,PedNYC26/csv/CSV_Scenario-Ped-7_Session-temp_2024-04-08-14-58-47.csv,PedNYC26,26,7,temp_2024-04-08-14-58-47,4788115,2026-07-21T19:37:24.755903244+00:00
C:\Users\patl5\OneDrive\Documents\BURE\xiang\PedNYC27\csv\CSV_Scenario-Ped-104_Session-temp_2024-04-10-11-37-08.csv,PedNYC27/csv/CSV_Scenario-Ped-104_Session-temp_2024-04-10-11-37-08.csv,PedNYC27,27,104,temp_2024-04-10-11-37-08,11745848,2026-07-21T19:37:25.041555882+00:00
C:\Users\patl5\OneDrive\Documents\BURE\xiang\PedNYC27\csv\CSV_Scenario-Ped-106_Session-temp_2024-04-10-11-31-10.csv,PedNYC27/csv/CSV_Scenario-Ped-106_Session-temp_2024-04-10-11-31-10.csv,PedNYC27,27,106,temp_2024-04-10-11-31-10,9715132,2026-07-21T19:37:25.112690210+00:00
C:\Users\patl5\OneDrive\Documents\BURE\xiang\PedNYC27\csv\CSV_Scenario-Ped-21_Session-temp_2024-04-10-11-26-01.csv,PedNYC27/csv/CSV_Scenario-Ped-21_Session-temp_2024-04-10-11-26-01.csv,PedNYC27,27,21,temp_2024-04-10-11-26-01,9586132,2026-07-21T19:37:25.185368538+00:00
C:\Users\patl5\OneDrive\Documents\BURE\xiang\PedNYC28\csv\CSV_Scenario-Ped-101_Session-temp_2024-04-10-15-02-24.csv,PedNYC28/csv/CSV_Scenario-Ped-101_Session-temp_2024-04-10-15-02-24.csv,PedNYC28,28,101,temp_2024-04-10-15-02-24,5900533,2026-07-21T19:37:25.591882229+00:00
C:\Users\patl5\OneDrive\Documents\BURE\xiang\PedNYC28\csv\CSV_Scenario-Ped-102_Session-temp_2024-04-10-14-47-29.csv,PedNYC28/csv/CSV_Scenario-Ped-102_Session-temp_2024-04-10-14-47-29.csv,PedNYC28,28,102,temp_2024-04-10-14-47-29,5969936,2026-07-21T19:37:25.642079353+00:00
C:\Users\patl5\OneDrive\Documents\BURE\xiang\PedNYC28\csv\CSV_Scenario-Ped-103_Session-temp_2024-04-10-14-40-11.csv,PedNYC28/csv/CSV_Scenario-Ped-103_Session-temp_2024-04-10-14-40-11.csv,PedNYC28,28,103,temp_2024-04-10-14-40-11,4862714,2026-07-21T19:37:25.684236288+00:00
C:\Users\patl5\OneDrive\Documents\BURE\xiang\PedNYC28\csv\CSV_Scenario-Ped-104_Session-temp_2024-04-10-14-43-23.csv,PedNYC28/csv/CSV_Scenario-Ped-104_Session-temp_2024-04-10-14-43-23.csv,PedNYC28,28,104,temp_2024-04-10-14-43-23,5456824,2026-07-21T19:37:25.735006809+00:00
C:\Users\patl5\OneDrive\Documents\BURE\xiang\PedNYC28\csv\CSV_Scenario-Ped-105_Session-temp_2024-04-10-15-16-10.csv,PedNYC28/csv/CSV_Scenario-Ped-105_Session-temp_2024-04-10-15-16-10.csv,PedNYC28,28,105,temp_2024-04-10-15-16-10,7309089,2026-07-21T19:37:25.809811831+00:00
C:\Users\patl5\OneDrive\Documents\BURE\xiang\PedNYC28\csv\CSV_Scenario-Ped-106_Session-temp_2024-04-10-15-13-27.csv,PedNYC28/csv/CSV_Scenario-Ped-106_Session-temp_2024-04-10-15-13-27.csv,PedNYC28,28,106,temp_2024-04-10-15-13-27,7008751,2026-07-21T19:37:25.897682905+00:00
C:\Users\patl5\OneDrive\Documents\BURE\xiang\PedNYC28\csv\CSV_Scenario-Ped-12_Session-temp_2024-04-10-14-50-53.csv,PedNYC28/csv/CSV_Scenario-Ped-12_Session-temp_2024-04-10-14-50-53.csv,PedNYC28,28,12,temp_2024-04-10-14-50-53,4522395,2026-07-21T19:37:25.932955980+00:00
C:\Users\patl5\OneDrive\Documents\BURE\xiang\PedNYC28\csv\CSV_Scenario-Ped-15_Session-temp_2024-04-10-15-04-57.csv,PedNYC28/csv/CSV_Scenario-Ped-15_Session-temp_2024-04-10-15-04-57.csv,PedNYC28,28,15,temp_2024-04-10-15-04-57,6305740,2026-07-21T19:37:25.991188765+00:00
C:\Users\patl5\OneDrive\Documents\BURE\xiang\PedNYC28\csv\CSV_Scenario-Ped-16_Session-temp_2024-04-10-15-10-29.csv,PedNYC28/csv/CSV_Scenario-Ped-16_Session-temp_2024-04-10-15-10-29.csv,PedNYC28,28,16,temp_2024-04-10-15-10-29,5319252,2026-07-21T19:37:26.037909508+00:00
C:\Users\patl5\OneDrive\Documents\BURE\xiang\PedNYC28\csv\CSV_Scenario-Ped-21_Session-temp_2024-04-10-15-07-58.csv,PedNYC28/csv/CSV_Scenario-Ped-21_Session-temp_2024-04-10-15-07-58.csv,PedNYC28,28,21,temp_2024-04-10-15-07-58,6472534,2026-07-21T19:37:26.103228569+00:00
C:\Users\patl5\OneDrive\Documents\BURE\xiang\PedNYC28\csv\CSV_Scenario-Ped-3_Session-temp_2024-04-10-14-35-52.csv,PedNYC28/csv/CSV_Scenario-Ped-3_Session-temp_2024-04-10-14-35-52.csv,PedNYC28,28,3,temp_2024-04-10-14-35-52,5734099,2026-07-21T19:37:26.147396803+00:00
C:\Users\patl5\OneDrive\Documents\BURE\xiang\PedNYC28\csv\CSV_Scenario-Ped-7_Session-temp_2024-04-10-14-53-35.csv,PedNYC28/csv/CSV_Scenario-Ped-7_Session-temp_2024-04-10-14-53-35.csv,PedNYC28,28,7,temp_2024-04-10-14-53-35,5261306,2026-07-21T19:37:26.196757317+00:00
C:\Users\patl5\OneDrive\Documents\BURE\xiang\PedNYC29\csv\CSV_Scenario-Ped-101_Session-temp_2024-04-17-16-09-09.csv,PedNYC29/csv/CSV_Scenario-Ped-101_Session-temp_2024-04-17-16-09-09.csv,PedNYC29,29,101,temp_2024-04-17-16-09-09,6131569,2026-07-21T19:37:26.438201904+00:00
C:\Users\patl5\OneDrive\Documents\BURE\xiang\PedNYC29\csv\CSV_Scenario-Ped-102_Session-temp_2024-04-17-16-02-30.csv,PedNYC29/csv/CSV_Scenario-Ped-102_Session-temp_2024-04-17-16-02-30.csv,PedNYC29,29,102,temp_2024-04-17-16-02-30,6413930,2026-07-21T19:37:26.494352341+00:00
C:\Users\patl5\OneDrive\Documents\BURE\xiang\PedNYC29\csv\CSV_Scenario-Ped-103_Session-temp_2024-04-17-15-59-16.csv,PedNYC29/csv/CSV_Scenario-Ped-103_Session-temp_2024-04-17-15-59-16.csv,PedNYC29,29,103,temp_2024-04-17-15-59-16,8779572,2026-07-21T19:37:26.558426619+00:00
C:\Users\patl5\OneDrive\Documents\BURE\xiang\PedNYC29\csv\CSV_Scenario-Ped-104_Session-temp_2024-04-17-16-30-22.csv,PedNYC29/csv/CSV_Scenario-Ped-104_Session-temp_2024-04-17-16-30-22.csv,PedNYC29,29,104,temp_2024-04-17-16-30-22,9882347,2026-07-21T19:37:26.631180763+00:00
C:\Users\patl5\OneDrive\Documents\BURE\xiang\PedNYC29\csv\CSV_Scenario-Ped-105_Session-temp_2024-04-17-16-21-18.csv,PedNYC29/csv/CSV_Scenario-Ped-105_Session-temp_2024-04-17-16-21-18.csv,PedNYC29,29,105,temp_2024-04-17-16-21-18,7401056,2026-07-21T19:37:26.692142010+00:00
C:\Users\patl5\OneDrive\Documents\BURE\xiang\PedNYC29\csv\CSV_Scenario-Ped-106_Session-temp_2024-04-17-15-51-54.csv,PedNYC29/csv/CSV_Scenario-Ped-106_Session-temp_2024-04-17-15-51-54.csv,PedNYC29,29,106,temp_2024-04-17-15-51-54,8260793,2026-07-21T19:37:26.754822493+00:00
C:\Users\patl5\OneDrive\Documents\BURE\xiang\PedNYC29\csv\CSV_Scenario-Ped-106_Session-temp_2024-04-17-15-53-51.csv,PedNYC29/csv/CSV_Scenario-Ped-106_Session-temp_2024-04-17-15-53-51.csv,PedNYC29,29,106,temp_2024-04-17-15-53-51,17855555,2026-07-21T19:37:26.902046204+00:00
C:\Users\patl5\OneDrive\Documents\BURE\xiang\PedNYC29\csv\CSV_Scenario-Ped-12_Session-temp_2024-04-17-16-27-56.csv,PedNYC29/csv/CSV_Scenario-Ped-12_Session-temp_2024-04-17-16-27-56.csv,PedNYC29,29,12,temp_2024-04-17-16-27-56,5180261,2026-07-21T19:37:26.947710991+00:00
C:\Users\patl5\OneDrive\Documents\BURE\xiang\PedNYC29\csv\CSV_Scenario-Ped-15_Session-temp_2024-04-17-16-06-03.csv,PedNYC29/csv/CSV_Scenario-Ped-15_Session-temp_2024-04-17-16-06-03.csv,PedNYC29,29,15,temp_2024-04-17-16-06-03,7430211,2026-07-21T19:37:27.028286695+00:00
C:\Users\patl5\OneDrive\Documents\BURE\xiang\PedNYC29\csv\CSV_Scenario-Ped-16_Session-temp_2024-04-17-16-12-49.csv,PedNYC29/csv/CSV_Scenario-Ped-16_Session-temp_2024-04-17-16-12-49.csv,PedNYC29,29,16,temp_2024-04-17-16-12-49,4632176,2026-07-21T19:37:27.081068516+00:00
C:\Users\patl5\OneDrive\Documents\BURE\xiang\PedNYC29\csv\CSV_Scenario-Ped-21_Session-temp_2024-04-17-15-47-40.csv,PedNYC29/csv/CSV_Scenario-Ped-21_Session-temp_2024-04-17-15-47-40.csv,PedNYC29,29,21,temp_2024-04-17-15-47-40,7763911,2026-07-21T19:37:27.170236111+00:00
C:\Users\patl5\OneDrive\Documents\BURE\xiang\PedNYC29\csv\CSV_Scenario-Ped-3_Session-temp_2024-04-17-16-18-35.csv,PedNYC29/csv/CSV_Scenario-Ped-3_Session-temp_2024-04-17-16-18-35.csv,PedNYC29,29,3,temp_2024-04-17-16-18-35,6749475,2026-07-21T19:37:27.237508297+00:00
C:\Users\patl5\OneDrive\Documents\BURE\xiang\PedNYC29\csv\CSV_Scenario-Ped-7_Session-temp_2024-04-17-16-24-44.csv,PedNYC29/csv/CSV_Scenario-Ped-7_Session-temp_2024-04-17-16-24-44.csv,PedNYC29,29,7,temp_2024-04-17-16-24-44,5579054,2026-07-21T19:37:27.290297508+00:00
C:\Users\patl5\OneDrive\Documents\BURE\xiang\PedNYC3\csv\CSV_Scenario-Ped-101_Session-temp_2024-02-23-14-29-47.csv,PedNYC3/csv/CSV_Scenario-Ped-101_Session-temp_2024-02-23-14-29-47.csv,PedNYC3,3,101,temp_2024-02-23-14-29-47,3494108,2026-07-21T19:37:27.852243185+00:00
C:\Users\patl5\OneDrive\Documents\BURE\xiang\PedNYC3\csv\CSV_Scenario-Ped-102_Session-temp_2024-02-23-14-40-02.csv,PedNYC3/csv/CSV_Scenario-Ped-102_Session-temp_2024-02-23-14-40-02.csv,PedNYC3,3,102,temp_2024-02-23-14-40-02,4480265,2026-07-21T19:37:27.891358614+00:00
C:\Users\patl5\OneDrive\Documents\BURE\xiang\PedNYC3\csv\CSV_Scenario-Ped-103_Session-temp_2024-02-23-14-46-30.csv,PedNYC3/csv/CSV_Scenario-Ped-103_Session-temp_2024-02-23-14-46-30.csv,PedNYC3,3,103,temp_2024-02-23-14-46-30,5594968,2026-07-21T19:37:27.929188728+00:00
C:\Users\patl5\OneDrive\Documents\BURE\xiang\PedNYC3\csv\CSV_Scenario-Ped-104_Session-temp_2024-02-23-15-09-25.csv,PedNYC3/csv/CSV_Scenario-Ped-104_Session-temp_2024-02-23-15-09-25.csv,PedNYC3,3,104,temp_2024-02-23-15-09-25,4146418,2026-07-21T19:37:27.958778381+00:00
C:\Users\patl5\OneDrive\Documents\BURE\xiang\PedNYC3\csv\CSV_Scenario-Ped-105_Session-temp_2024-02-23-14-36-31.csv,PedNYC3/csv/CSV_Scenario-Ped-105_Session-temp_2024-02-23-14-36-31.csv,PedNYC3,3,105,temp_2024-02-23-14-36-31,4371704,2026-07-21T19:37:27.988312960+00:00
C:\Users\patl5\OneDrive\Documents\BURE\xiang\PedNYC3\csv\CSV_Scenario-Ped-106_Session-temp_2024-02-23-14-43-24.csv,PedNYC3/csv/CSV_Scenario-Ped-106_Session-temp_2024-02-23-14-43-24.csv,PedNYC3,3,106,temp_2024-02-23-14-43-24,5116239,2026-07-21T19:37:28.030977011+00:00
C:\Users\patl5\OneDrive\Documents\BURE\xiang\PedNYC3\csv\CSV_Scenario-Ped-12_Session-temp_2024-02-23-15-03-16.csv,PedNYC3/csv/CSV_Scenario-Ped-12_Session-temp_2024-02-23-15-03-16.csv,PedNYC3,3,12,temp_2024-02-23-15-03-16,3505754,2026-07-21T19:37:28.059918880+00:00
C:\Users\patl5\OneDrive\Documents\BURE\xiang\PedNYC3\csv\CSV_Scenario-Ped-15_Session-temp_2024-02-23-15-16-06.csv,PedNYC3/csv/CSV_Scenario-Ped-15_Session-temp_2024-02-23-15-16-06.csv,PedNYC3,3,15,temp_2024-02-23-15-16-06,4181984,2026-07-21T19:37:28.092056990+00:00
C:\Users\patl5\OneDrive\Documents\BURE\xiang\PedNYC3\csv\CSV_Scenario-Ped-16_Session-temp_2024-02-23-14-33-15.csv,PedNYC3/csv/CSV_Scenario-Ped-16_Session-temp_2024-02-23-14-33-15.csv,PedNYC3,3,16,temp_2024-02-23-14-33-15,3812410,2026-07-21T19:37:28.127723455+00:00
C:\Users\patl5\OneDrive\Documents\BURE\xiang\PedNYC3\csv\CSV_Scenario-Ped-21_Session-temp_2024-02-23-14-59-10.csv,PedNYC3/csv/CSV_Scenario-Ped-21_Session-temp_2024-02-23-14-59-10.csv,PedNYC3,3,21,temp_2024-02-23-14-59-10,5062865,2026-07-21T19:37:28.175152540+00:00
C:\Users\patl5\OneDrive\Documents\BURE\xiang\PedNYC3\csv\CSV_Scenario-Ped-3_Session-temp_2024-02-23-15-06-10.csv,PedNYC3/csv/CSV_Scenario-Ped-3_Session-temp_2024-02-23-15-06-10.csv,PedNYC3,3,3,temp_2024-02-23-15-06-10,4383111,2026-07-21T19:37:28.215804338+00:00
C:\Users\patl5\OneDrive\Documents\BURE\xiang\PedNYC3\csv\CSV_Scenario-Ped-7_Session-temp_2024-02-23-15-13-27.csv,PedNYC3/csv/CSV_Scenario-Ped-7_Session-temp_2024-02-23-15-13-27.csv,PedNYC3,3,7,temp_2024-02-23-15-13-27,4407436,2026-07-21T19:37:28.260096788+00:00
C:\Users\patl5\OneDrive\Documents\BURE\xiang\PedNYC30\csv\CSV_Scenario-Ped-101_Session-temp_2024-04-25-16-16-06.csv,PedNYC30/csv/CSV_Scenario-Ped-101_Session-temp_2024-04-25-16-16-06.csv,PedNYC30,30,101,temp_2024-04-25-16-16-06,4896946,2026-07-21T19:37:28.484161854+00:00
C:\Users\patl5\OneDrive\Documents\BURE\xiang\PedNYC30\csv\CSV_Scenario-Ped-102_Session-temp_2024-04-25-15-46-31.csv,PedNYC30/csv/CSV_Scenario-Ped-102_Session-temp_2024-04-25-15-46-31.csv,PedNYC30,30,102,temp_2024-04-25-15-46-31,7274478,2026-07-21T19:37:28.570896864+00:00
C:\Users\patl5\OneDrive\Documents\BURE\xiang\PedNYC30\csv\CSV_Scenario-Ped-103_Session-temp_2024-04-25-15-41-07.csv,PedNYC30/csv/CSV_Scenario-Ped-103_Session-temp_2024-04-25-15-41-07.csv,PedNYC30,30,103,temp_2024-04-25-15-41-07,6788828,2026-07-21T19:37:28.635938883+00:00
C:\Users\patl5\OneDrive\Documents\BURE\xiang\PedNYC30\csv\CSV_Scenario-Ped-105_Session-temp_2024-04-25-16-24-09.csv,PedNYC30/csv/CSV_Scenario-Ped-105_Session-temp_2024-04-25-16-24-09.csv,PedNYC30,30,105,temp_2024-04-25-16-24-09,8612670,2026-07-21T19:37:28.714221239+00:00
C:\Users\patl5\OneDrive\Documents\BURE\xiang\PedNYC30\csv\CSV_Scenario-Ped-106_Session-temp_2024-04-25-15-52-59.csv,PedNYC30/csv/CSV_Scenario-Ped-106_Session-temp_2024-04-25-15-52-59.csv,PedNYC30,30,106,temp_2024-04-25-15-52-59,11064705,2026-07-21T19:37:28.833053112+00:00
C:\Users\patl5\OneDrive\Documents\BURE\xiang\PedNYC30\csv\CSV_Scenario-Ped-12_Session-temp_2024-04-25-15-59-00.csv,PedNYC30/csv/CSV_Scenario-Ped-12_Session-temp_2024-04-25-15-59-00.csv,PedNYC30,30,12,temp_2024-04-25-15-59-00,6282334,2026-07-21T19:37:28.892282486+00:00
C:\Users\patl5\OneDrive\Documents\BURE\xiang\PedNYC30\csv\CSV_Scenario-Ped-15_Session-temp_2024-04-25-16-03-36.csv,PedNYC30/csv/CSV_Scenario-Ped-15_Session-temp_2024-04-25-16-03-36.csv,PedNYC30,30,15,temp_2024-04-25-16-03-36,7724279,2026-07-21T19:37:28.957002640+00:00
C:\Users\patl5\OneDrive\Documents\BURE\xiang\PedNYC30\csv\CSV_Scenario-Ped-16_Session-temp_2024-04-25-16-13-57.csv,PedNYC30/csv/CSV_Scenario-Ped-16_Session-temp_2024-04-25-16-13-57.csv,PedNYC30,30,16,temp_2024-04-25-16-13-57,4707091,2026-07-21T19:37:28.999148607+00:00
C:\Users\patl5\OneDrive\Documents\BURE\xiang\PedNYC30\csv\CSV_Scenario-Ped-21_Session-temp_2024-04-25-16-19-43.csv,PedNYC30/csv/CSV_Scenario-Ped-21_Session-temp_2024-04-25-16-19-43.csv,PedNYC30,30,21,temp_2024-04-25-16-19-43,7591917,2026-07-21T19:37:29.095512867+00:00
C:\Users\patl5\OneDrive\Documents\BURE\xiang\PedNYC30\csv\CSV_Scenario-Ped-3_Session-temp_2024-04-25-15-35-36.csv,PedNYC30/csv/CSV_Scenario-Ped-3_Session-temp_2024-04-25-15-35-36.csv,PedNYC30,30,3,temp_2024-04-25-15-35-36,8962977,2026-07-21T19:37:29.179833412+00:00
C:\Users\patl5\OneDrive\Documents\BURE\xiang\PedNYC31\csv\CSV_Scenario-Ped-101_Session-temp_2024-04-26-14-12-58.csv,PedNYC31/csv/CSV_Scenario-Ped-101_Session-temp_2024-04-26-14-12-58.csv,PedNYC31,31,101,temp_2024-04-26-14-12-58,12622092,2026-07-21T19:37:29.595300674+00:00
C:\Users\patl5\OneDrive\Documents\BURE\xiang\PedNYC31\csv\CSV_Scenario-Ped-12_Session-temp_2024-04-26-13-59-46.csv,PedNYC31/csv/CSV_Scenario-Ped-12_Session-temp_2024-04-26-13-59-46.csv,PedNYC31,31,12,temp_2024-04-26-13-59-46,12524822,2026-07-21T19:37:29.720956802+00:00
C:\Users\patl5\OneDrive\Documents\BURE\xiang\PedNYC31\csv\CSV_Scenario-Ped-15_Session-temp_2024-04-26-13-50-24.csv,PedNYC31/csv/CSV_Scenario-Ped-15_Session-temp_2024-04-26-13-50-24.csv,PedNYC31,31,15,temp_2024-04-26-13-50-24,16512889,2026-07-21T19:37:29.888458729+00:00
C:\Users\patl5\OneDrive\Documents\BURE\xiang\PedNYC31\csv\CSV_Scenario-Ped-3_Session-temp_2024-04-26-14-04-40.csv,PedNYC31/csv/CSV_Scenario-Ped-3_Session-temp_2024-04-26-14-04-40.csv,PedNYC31,31,3,temp_2024-04-26-14-04-40,11232539,2026-07-21T19:37:30.003076315+00:00
C:\Users\patl5\OneDrive\Documents\BURE\xiang\PedNYC32\csv\CSV_Scenario-Ped-101_Session-temp_2024-05-01-14-52-13.csv,PedNYC32/csv/CSV_Scenario-Ped-101_Session-temp_2024-05-01-14-52-13.csv,PedNYC32,32,101,temp_2024-05-01-14-52-13,6697241,2026-07-21T19:37:30.485312700+00:00
C:\Users\patl5\OneDrive\Documents\BURE\xiang\PedNYC32\csv\CSV_Scenario-Ped-102_Session-temp_2024-05-01-15-19-56.csv,PedNYC32/csv/CSV_Scenario-Ped-102_Session-temp_2024-05-01-15-19-56.csv,PedNYC32,32,102,temp_2024-05-01-15-19-56,9431884,2026-07-21T19:37:30.556941509+00:00
C:\Users\patl5\OneDrive\Documents\BURE\xiang\PedNYC32\csv\CSV_Scenario-Ped-103_Session-temp_2024-05-01-15-16-57.csv,PedNYC32/csv/CSV_Scenario-Ped-103_Session-temp_2024-05-01-15-16-57.csv,PedNYC32,32,103,temp_2024-05-01-15-16-57,7580099,2026-07-21T19:37:30.612014294+00:00
C:\Users\patl5\OneDrive\Documents\BURE\xiang\PedNYC32\csv\CSV_Scenario-Ped-104_Session-temp_2024-05-01-15-03-26.csv,PedNYC32/csv/CSV_Scenario-Ped-104_Session-temp_2024-05-01-15-03-26.csv,PedNYC32,32,104,temp_2024-05-01-15-03-26,9109537,2026-07-21T19:37:30.674786329+00:00
C:\Users\patl5\OneDrive\Documents\BURE\xiang\PedNYC32\csv\CSV_Scenario-Ped-106_Session-temp_2024-05-01-14-40-27.csv,PedNYC32/csv/CSV_Scenario-Ped-106_Session-temp_2024-05-01-14-40-27.csv,PedNYC32,32,106,temp_2024-05-01-14-40-27,8846600,2026-07-21T19:37:30.734087706+00:00
C:\Users\patl5\OneDrive\Documents\BURE\xiang\PedNYC32\csv\CSV_Scenario-Ped-15_Session-temp_2024-05-01-15-09-18.csv,PedNYC32/csv/CSV_Scenario-Ped-15_Session-temp_2024-05-01-15-09-18.csv,PedNYC32,32,15,temp_2024-05-01-15-09-18,5826747,2026-07-21T19:37:30.777727365+00:00
C:\Users\patl5\OneDrive\Documents\BURE\xiang\PedNYC32\csv\CSV_Scenario-Ped-16_Session-temp_2024-05-01-15-12-43.csv,PedNYC32/csv/CSV_Scenario-Ped-16_Session-temp_2024-05-01-15-12-43.csv,PedNYC32,32,16,temp_2024-05-01-15-12-43,4869018,2026-07-21T19:37:30.812918425+00:00
C:\Users\patl5\OneDrive\Documents\BURE\xiang\PedNYC32\csv\CSV_Scenario-Ped-21_Session-temp_2024-05-01-15-23-15.csv,PedNYC32/csv/CSV_Scenario-Ped-21_Session-temp_2024-05-01-15-23-15.csv,PedNYC32,32,21,temp_2024-05-01-15-23-15,6859713,2026-07-21T19:37:30.870979071+00:00
C:\Users\patl5\OneDrive\Documents\BURE\xiang\PedNYC32\csv\CSV_Scenario-Ped-3_Session-temp_2024-05-01-14-48-34.csv,PedNYC32/csv/CSV_Scenario-Ped-3_Session-temp_2024-05-01-14-48-34.csv,PedNYC32,32,3,temp_2024-05-01-14-48-34,7217619,2026-07-21T19:37:30.932185411+00:00
C:\Users\patl5\OneDrive\Documents\BURE\xiang\PedNYC32\csv\CSV_Scenario-Ped-7_Session-temp_2024-05-01-14-59-42.csv,PedNYC32/csv/CSV_Scenario-Ped-7_Session-temp_2024-05-01-14-59-42.csv,PedNYC32,32,7,temp_2024-05-01-14-59-42,6231226,2026-07-21T19:37:31.002825975+00:00
C:\Users\patl5\OneDrive\Documents\BURE\xiang\PedNYC4\csv\CSV_Scenario-Ped-101_Session-temp_2024-02-26-14-37-36.csv,PedNYC4/csv/CSV_Scenario-Ped-101_Session-temp_2024-02-26-14-37-36.csv,PedNYC4,4,101,temp_2024-02-26-14-37-36,5116323,2026-07-21T19:37:31.620907068+00:00
C:\Users\patl5\OneDrive\Documents\BURE\xiang\PedNYC4\csv\CSV_Scenario-Ped-102_Session-temp_2024-02-26-14-57-24.csv,PedNYC4/csv/CSV_Scenario-Ped-102_Session-temp_2024-02-26-14-57-24.csv,PedNYC4,4,102,temp_2024-02-26-14-57-24,5283485,2026-07-21T19:37:31.678352594+00:00
C:\Users\patl5\OneDrive\Documents\BURE\xiang\PedNYC4\csv\CSV_Scenario-Ped-103_Session-temp_2024-02-26-14-41-18.csv,PedNYC4/csv/CSV_Scenario-Ped-103_Session-temp_2024-02-26-14-41-18.csv,PedNYC4,4,103,temp_2024-02-26-14-41-18,3720240,2026-07-21T19:37:31.708634138+00:00
C:\Users\patl5\OneDrive\Documents\BURE\xiang\PedNYC4\csv\CSV_Scenario-Ped-104_Session-temp_2024-02-26-15-17-15.csv,PedNYC4/csv/CSV_Scenario-Ped-104_Session-temp_2024-02-26-15-17-15.csv,PedNYC4,4,104,temp_2024-02-26-15-17-15,4047633,2026-07-21T19:37:31.743277788+00:00
C:\Users\patl5\OneDrive\Documents\BURE\xiang\PedNYC4\csv\CSV_Scenario-Ped-105_Session-temp_2024-02-26-14-48-39.csv,PedNYC4/csv/CSV_Scenario-Ped-105_Session-temp_2024-02-26-14-48-39.csv,PedNYC4,4,105,temp_2024-02-26-14-48-39,4354860,2026-07-21T19:37:31.781955242+00:00
C:\Users\patl5\OneDrive\Documents\BURE\xiang\PedNYC4\csv\CSV_Scenario-Ped-106_Session-temp_2024-02-26-15-24-53.csv,PedNYC4/csv/CSV_Scenario-Ped-106_Session-temp_2024-02-26-15-24-53.csv,PedNYC4,4,106,temp_2024-02-26-15-24-53,4019006,2026-07-21T19:37:31.816624880+00:00
C:\Users\patl5\OneDrive\Documents\BURE\xiang\PedNYC4\csv\CSV_Scenario-Ped-12_Session-temp_2024-02-26-15-22-47.csv,PedNYC4/csv/CSV_Scenario-Ped-12_Session-temp_2024-02-26-15-22-47.csv,PedNYC4,4,12,temp_2024-02-26-15-22-47,2703931,2026-07-21T19:37:31.841226101+00:00
C:\Users\patl5\OneDrive\Documents\BURE\xiang\PedNYC4\csv\CSV_Scenario-Ped-15_Session-temp_2024-02-26-15-19-29.csv,PedNYC4/csv/CSV_Scenario-Ped-15_Session-temp_2024-02-26-15-19-29.csv,PedNYC4,4,15,temp_2024-02-26-15-19-29,5091724,2026-07-21T19:37:31.886906385+00:00
C:\Users\patl5\OneDrive\Documents\BURE\xiang\PedNYC4\csv\CSV_Scenario-Ped-16_Session-temp_2024-02-26-15-00-22.csv,PedNYC4/csv/CSV_Scenario-Ped-16_Session-temp_2024-02-26-15-00-22.csv,PedNYC4,4,16,temp_2024-02-26-15-00-22,3120507,2026-07-21T19:37:31.913065195+00:00
C:\Users\patl5\OneDrive\Documents\BURE\xiang\PedNYC4\csv\CSV_Scenario-Ped-21_Session-temp_2024-02-26-14-53-16.csv,PedNYC4/csv/CSV_Scenario-Ped-21_Session-temp_2024-02-26-14-53-16.csv,PedNYC4,4,21,temp_2024-02-26-14-53-16,5762790,2026-07-21T19:37:31.957427502+00:00
C:\Users\patl5\OneDrive\Documents\BURE\xiang\PedNYC4\csv\CSV_Scenario-Ped-3_Session-temp_2024-02-26-15-11-13.csv,PedNYC4/csv/CSV_Scenario-Ped-3_Session-temp_2024-02-26-15-11-13.csv,PedNYC4,4,3,temp_2024-02-26-15-11-13,5443845,2026-07-21T19:37:31.997107029+00:00
C:\Users\patl5\OneDrive\Documents\BURE\xiang\PedNYC4\csv\CSV_Scenario-Ped-7_Session-temp_2024-02-26-15-14-20.csv,PedNYC4/csv/CSV_Scenario-Ped-7_Session-temp_2024-02-26-15-14-20.csv,PedNYC4,4,7,temp_2024-02-26-15-14-20,3897993,2026-07-21T19:37:32.026700258+00:00
C:\Users\patl5\OneDrive\Documents\BURE\xiang\PedNYC5\csv\CSV_Scenario-Ped-101_Session-temp_2024-02-27-10-52-59.csv,PedNYC5/csv/CSV_Scenario-Ped-101_Session-temp_2024-02-27-10-52-59.csv,PedNYC5,5,101,temp_2024-02-27-10-52-59,4688722,2026-07-21T19:37:32.630851984+00:00
C:\Users\patl5\OneDrive\Documents\BURE\xiang\PedNYC5\csv\CSV_Scenario-Ped-102_Session-temp_2024-02-27-11-31-18.csv,PedNYC5/csv/CSV_Scenario-Ped-102_Session-temp_2024-02-27-11-31-18.csv,PedNYC5,5,102,temp_2024-02-27-11-31-18,2795944,2026-07-21T19:37:32.661014318+00:00
C:\Users\patl5\OneDrive\Documents\BURE\xiang\PedNYC5\csv\CSV_Scenario-Ped-103_Session-temp_2024-02-27-11-03-02.csv,PedNYC5/csv/CSV_Scenario-Ped-103_Session-temp_2024-02-27-11-03-02.csv,PedNYC5,5,103,temp_2024-02-27-11-03-02,3010338,2026-07-21T19:37:32.690781355+00:00
C:\Users\patl5\OneDrive\Documents\BURE\xiang\PedNYC5\csv\CSV_Scenario-Ped-104_Session-temp_2024-02-27-11-12-39.csv,PedNYC5/csv/CSV_Scenario-Ped-104_Session-temp_2024-02-27-11-12-39.csv,PedNYC5,5,104,temp_2024-02-27-11-12-39,5589293,2026-07-21T19:37:32.741148233+00:00
C:\Users\patl5\OneDrive\Documents\BURE\xiang\PedNYC5\csv\CSV_Scenario-Ped-105_Session-temp_2024-02-27-11-34-12.csv,PedNYC5/csv/CSV_Scenario-Ped-105_Session-temp_2024-02-27-11-34-12.csv,PedNYC5,5,105,temp_2024-02-27-11-34-12,3234312,2026-07-21T19:37:32.776768208+00:00
C:\Users\patl5\OneDrive\Documents\BURE\xiang\PedNYC5\csv\CSV_Scenario-Ped-106_Session-temp_2024-02-27-11-42-55.csv,PedNYC5/csv/CSV_Scenario-Ped-106_Session-temp_2024-02-27-11-42-55.csv,PedNYC5,5,106,temp_2024-02-27-11-42-55,5726153,2026-07-21T19:37:32.831986427+00:00
C:\Users\patl5\OneDrive\Documents\BURE\xiang\PedNYC5\csv\CSV_Scenario-Ped-12_Session-temp_2024-02-27-10-57-58.csv,PedNYC5/csv/CSV_Scenario-Ped-12_Session-temp_2024-02-27-10-57-58.csv,PedNYC5,5,12,temp_2024-02-27-10-57-58,2958830,2026-07-21T19:37:32.854939222+00:00
C:\Users\patl5\OneDrive\Documents\BURE\xiang\PedNYC5\csv\CSV_Scenario-Ped-15_Session-temp_2024-02-27-11-06-21.csv,PedNYC5/csv/CSV_Scenario-Ped-15_Session-temp_2024-02-27-11-06-21.csv,PedNYC5,5,15,temp_2024-02-27-11-06-21,4948986,2026-07-21T19:37:32.893762350+00:00
C:\Users\patl5\OneDrive\Documents\BURE\xiang\PedNYC5\csv\CSV_Scenario-Ped-16_Session-temp_2024-02-27-11-36-46.csv,PedNYC5/csv/CSV_Scenario-Ped-16_Session-temp_2024-02-27-11-36-46.csv,PedNYC5,5,16,temp_2024-02-27-11-36-46,3979151,2026-07-21T19:37:32.930915117+00:00
C:\Users\patl5\OneDrive\Documents\BURE\xiang\PedNYC5\csv\CSV_Scenario-Ped-21_Session-temp_2024-02-27-11-09-49.csv,PedNYC5/csv/CSV_Scenario-Ped-21_Session-temp_2024-02-27-11-09-49.csv,PedNYC5,5,21,temp_2024-02-27-11-09-49,5208768,2026-07-21T19:37:32.973797798+00:00
C:\Users\patl5\OneDrive\Documents\BURE\xiang\PedNYC5\csv\CSV_Scenario-Ped-3_Session-temp_2024-02-27-11-47-03.csv,PedNYC5/csv/CSV_Scenario-Ped-3_Session-temp_2024-02-27-11-47-03.csv,PedNYC5,5,3,temp_2024-02-27-11-47-03,4821448,2026-07-21T19:37:33.019852400+00:00
C:\Users\patl5\OneDrive\Documents\BURE\xiang\PedNYC5\csv\CSV_Scenario-Ped-7_Session-temp_2024-02-27-11-40-01.csv,PedNYC5/csv/CSV_Scenario-Ped-7_Session-temp_2024-02-27-11-40-01.csv,PedNYC5,5,7,temp_2024-02-27-11-40-01,3990793,2026-07-21T19:37:33.053771019+00:00
C:\Users\patl5\OneDrive\Documents\BURE\xiang\PedNYC6\csv\CSV_Scenario-Ped-101_Session-temp_2024-03-01-11-08-40.csv,PedNYC6/csv/CSV_Scenario-Ped-101_Session-temp_2024-03-01-11-08-40.csv,PedNYC6,6,101,temp_2024-03-01-11-08-40,4502895,2026-07-21T19:37:33.235249281+00:00
C:\Users\patl5\OneDrive\Documents\BURE\xiang\PedNYC6\csv\CSV_Scenario-Ped-102_Session-temp_2024-03-01-11-12-33.csv,PedNYC6/csv/CSV_Scenario-Ped-102_Session-temp_2024-03-01-11-12-33.csv,PedNYC6,6,102,temp_2024-03-01-11-12-33,4733700,2026-07-21T19:37:33.278387308+00:00
C:\Users\patl5\OneDrive\Documents\BURE\xiang\PedNYC6\csv\CSV_Scenario-Ped-103_Session-temp_2024-03-01-11-23-18.csv,PedNYC6/csv/CSV_Scenario-Ped-103_Session-temp_2024-03-01-11-23-18.csv,PedNYC6,6,103,temp_2024-03-01-11-23-18,4146410,2026-07-21T19:37:33.314008236+00:00
C:\Users\patl5\OneDrive\Documents\BURE\xiang\PedNYC6\csv\CSV_Scenario-Ped-104_Session-temp_2024-03-01-11-29-18.csv,PedNYC6/csv/CSV_Scenario-Ped-104_Session-temp_2024-03-01-11-29-18.csv,PedNYC6,6,104,temp_2024-03-01-11-29-18,10221466,2026-07-21T19:37:33.402242661+00:00
C:\Users\patl5\OneDrive\Documents\BURE\xiang\PedNYC6\csv\CSV_Scenario-Ped-106_Session-temp_2024-03-01-11-55-49.csv,PedNYC6/csv/CSV_Scenario-Ped-106_Session-temp_2024-03-01-11-55-49.csv,PedNYC6,6,106,temp_2024-03-01-11-55-49,3724525,2026-07-21T19:37:33.439862490+00:00
C:\Users\patl5\OneDrive\Documents\BURE\xiang\PedNYC6\csv\CSV_Scenario-Ped-15_Session-temp_2024-03-01-11-47-13.csv,PedNYC6/csv/CSV_Scenario-Ped-15_Session-temp_2024-03-01-11-47-13.csv,PedNYC6,6,15,temp_2024-03-01-11-47-13,2312215,2026-07-21T19:37:33.458734035+00:00
C:\Users\patl5\OneDrive\Documents\BURE\xiang\PedNYC6\csv\CSV_Scenario-Ped-15_Session-temp_2024-03-01-11-48-06.csv,PedNYC6/csv/CSV_Scenario-Ped-15_Session-temp_2024-03-01-11-48-06.csv,PedNYC6,6,15,temp_2024-03-01-11-48-06,11871232,2026-07-21T19:37:33.556772709+00:00
C:\Users\patl5\OneDrive\Documents\BURE\xiang\PedNYC6\csv\CSV_Scenario-Ped-15_Session-temp_2024-03-01-11-52-52.csv,PedNYC6/csv/CSV_Scenario-Ped-15_Session-temp_2024-03-01-11-52-52.csv,PedNYC6,6,15,temp_2024-03-01-11-52-52,5824204,2026-07-21T19:37:33.608675718+00:00
C:\Users\patl5\OneDrive\Documents\BURE\xiang\PedNYC6\csv\CSV_Scenario-Ped-21_Session-temp_2024-03-01-11-17-48.csv,PedNYC6/csv/CSV_Scenario-Ped-21_Session-temp_2024-03-01-11-17-48.csv,PedNYC6,6,21,temp_2024-03-01-11-17-48,2766714,2026-07-21T19:37:33.637276649+00:00
C:\Users\patl5\OneDrive\Documents\BURE\xiang\PedNYC6\csv\CSV_Scenario-Ped-21_Session-temp_2024-03-01-11-18-30.csv,PedNYC6/csv/CSV_Scenario-Ped-21_Session-temp_2024-03-01-11-18-30.csv,PedNYC6,6,21,temp_2024-03-01-11-18-30,5132088,2026-07-21T19:37:33.683964491+00:00
C:\Users\patl5\OneDrive\Documents\BURE\xiang\PedNYC6\csv\CSV_Scenario-Ped-7_Session-temp_2024-03-01-11-26-04.csv,PedNYC6/csv/CSV_Scenario-Ped-7_Session-temp_2024-03-01-11-26-04.csv,PedNYC6,6,7,temp_2024-03-01-11-26-04,4562360,2026-07-21T19:37:33.720212221+00:00
C:\Users\patl5\OneDrive\Documents\BURE\xiang\PedNYC7\csv\CSV_Scenario-Ped-101_Session-temp_2024-03-01-15-16-22.csv,PedNYC7/csv/CSV_Scenario-Ped-101_Session-temp_2024-03-01-15-16-22.csv,PedNYC7,7,101,temp_2024-03-01-15-16-22,10328037,2026-07-21T19:37:33.808343649+00:00
C:\Users\patl5\OneDrive\Documents\BURE\xiang\PedNYC7\csv\CSV_Scenario-Ped-101_Session-temp_2024-03-01-15-19-13.csv,PedNYC7/csv/CSV_Scenario-Ped-101_Session-temp_2024-03-01-15-19-13.csv,PedNYC7,7,101,temp_2024-03-01-15-19-13,4202685,2026-07-21T19:37:33.844992638+00:00
C:\Users\patl5\OneDrive\Documents\BURE\xiang\PedNYC7\csv\CSV_Scenario-Ped-102_Session-temp_2024-03-01-15-36-20.csv,PedNYC7/csv/CSV_Scenario-Ped-102_Session-temp_2024-03-01-15-36-20.csv,PedNYC7,7,102,temp_2024-03-01-15-36-20,4774968,2026-07-21T19:37:33.886686325+00:00
C:\Users\patl5\OneDrive\Documents\BURE\xiang\PedNYC7\csv\CSV_Scenario-Ped-103_Session-temp_2024-03-01-15-22-18.csv,PedNYC7/csv/CSV_Scenario-Ped-103_Session-temp_2024-03-01-15-22-18.csv,PedNYC7,7,103,temp_2024-03-01-15-22-18,4653148,2026-07-21T19:37:33.933967590+00:00
C:\Users\patl5\OneDrive\Documents\BURE\xiang\PedNYC7\csv\CSV_Scenario-Ped-104_Session-temp_2024-03-01-14-53-51.csv,PedNYC7/csv/CSV_Scenario-Ped-104_Session-temp_2024-03-01-14-53-51.csv,PedNYC7,7,104,temp_2024-03-01-14-53-51,4372266,2026-07-21T19:37:33.980165005+00:00
C:\Users\patl5\OneDrive\Documents\BURE\xiang\PedNYC7\csv\CSV_Scenario-Ped-105_Session-temp_2024-03-01-14-42-15.csv,PedNYC7/csv/CSV_Scenario-Ped-105_Session-temp_2024-03-01-14-42-15.csv,PedNYC7,7,105,temp_2024-03-01-14-42-15,2531743,2026-07-21T19:37:34.004815817+00:00
C:\Users\patl5\OneDrive\Documents\BURE\xiang\PedNYC7\csv\CSV_Scenario-Ped-105_Session-temp_2024-03-01-14-42-45.csv,PedNYC7/csv/CSV_Scenario-Ped-105_Session-temp_2024-03-01-14-42-45.csv,PedNYC7,7,105,temp_2024-03-01-14-42-45,3899399,2026-07-21T19:37:34.047505617+00:00
C:\Users\patl5\OneDrive\Documents\BURE\xiang\PedNYC7\csv\CSV_Scenario-Ped-106_Session-temp_2024-03-01-15-30-59.csv,PedNYC7/csv/CSV_Scenario-Ped-106_Session-temp_2024-03-01-15-30-59.csv,PedNYC7,7,106,temp_2024-03-01-15-30-59,5150063,2026-07-21T19:37:34.097293615+00:00
C:\Users\patl5\OneDrive\Documents\BURE\xiang\PedNYC7\csv\CSV_Scenario-Ped-12_Session-temp_2024-03-01-15-26-15.csv,PedNYC7/csv/CSV_Scenario-Ped-12_Session-temp_2024-03-01-15-26-15.csv,PedNYC7,7,12,temp_2024-03-01-15-26-15,4919604,2026-07-21T19:37:34.136628389+00:00
C:\Users\patl5\OneDrive\Documents\BURE\xiang\PedNYC7\csv\CSV_Scenario-Ped-12_Session-temp_2024-03-01-15-27-41.csv,PedNYC7/csv/CSV_Scenario-Ped-12_Session-temp_2024-03-01-15-27-41.csv,PedNYC7,7,12,temp_2024-03-01-15-27-41,4612959,2026-07-21T19:37:34.176772118+00:00
C:\Users\patl5\OneDrive\Documents\BURE\xiang\PedNYC7\csv\CSV_Scenario-Ped-15_Session-temp_2024-03-01-14-51-02.csv,PedNYC7/csv/CSV_Scenario-Ped-15_Session-temp_2024-03-01-14-51-02.csv,PedNYC7,7,15,temp_2024-03-01-14-51-02,4833929,2026-07-21T19:37:34.217448711+00:00
C:\Users\patl5\OneDrive\Documents\BURE\xiang\PedNYC7\csv\CSV_Scenario-Ped-16_Session-temp_2024-03-01-15-33-25.csv,PedNYC7/csv/CSV_Scenario-Ped-16_Session-temp_2024-03-01-15-33-25.csv,PedNYC7,7,16,temp_2024-03-01-15-33-25,4891050,2026-07-21T19:37:34.264138221+00:00
C:\Users\patl5\OneDrive\Documents\BURE\xiang\PedNYC7\csv\CSV_Scenario-Ped-21_Session-temp_2024-03-01-14-46-38.csv,PedNYC7/csv/CSV_Scenario-Ped-21_Session-temp_2024-03-01-14-46-38.csv,PedNYC7,7,21,temp_2024-03-01-14-46-38,6120741,2026-07-21T19:37:34.322861671+00:00
C:\Users\patl5\OneDrive\Documents\BURE\xiang\PedNYC7\csv\CSV_Scenario-Ped-3_Session-temp_2024-03-01-14-56-53.csv,PedNYC7/csv/CSV_Scenario-Ped-3_Session-temp_2024-03-01-14-56-53.csv,PedNYC7,7,3,temp_2024-03-01-14-56-53,4920515,2026-07-21T19:37:34.372077942+00:00
C:\Users\patl5\OneDrive\Documents\BURE\xiang\PedNYC7\csv\CSV_Scenario-Ped-7_Session-temp_2024-03-01-14-37-13.csv,PedNYC7/csv/CSV_Scenario-Ped-7_Session-temp_2024-03-01-14-37-13.csv,PedNYC7,7,7,temp_2024-03-01-14-37-13,4875099,2026-07-21T19:37:34.407724619+00:00
C:\Users\patl5\OneDrive\Documents\BURE\xiang\PedNYC8\csv\CSV_Scenario-Ped-101_Session-temp_2024-03-04-10-59-55.csv,PedNYC8/csv/CSV_Scenario-Ped-101_Session-temp_2024-03-04-10-59-55.csv,PedNYC8,8,101,temp_2024-03-04-10-59-55,4677704,2026-07-21T19:37:34.706636190+00:00
C:\Users\patl5\OneDrive\Documents\BURE\xiang\PedNYC8\csv\CSV_Scenario-Ped-102_Session-temp_2024-03-04-11-13-12.csv,PedNYC8/csv/CSV_Scenario-Ped-102_Session-temp_2024-03-04-11-13-12.csv,PedNYC8,8,102,temp_2024-03-04-11-13-12,4072013,2026-07-21T19:37:34.739771128+00:00
C:\Users\patl5\OneDrive\Documents\BURE\xiang\PedNYC8\csv\CSV_Scenario-Ped-103_Session-temp_2024-03-04-11-32-22.csv,PedNYC8/csv/CSV_Scenario-Ped-103_Session-temp_2024-03-04-11-32-22.csv,PedNYC8,8,103,temp_2024-03-04-11-32-22,3339222,2026-07-21T19:37:34.774199009+00:00
C:\Users\patl5\OneDrive\Documents\BURE\xiang\PedNYC8\csv\CSV_Scenario-Ped-104_Session-temp_2024-03-04-11-10-19.csv,PedNYC8/csv/CSV_Scenario-Ped-104_Session-temp_2024-03-04-11-10-19.csv,PedNYC8,8,104,temp_2024-03-04-11-10-19,5122341,2026-07-21T19:37:34.818621874+00:00
C:\Users\patl5\OneDrive\Documents\BURE\xiang\PedNYC8\csv\CSV_Scenario-Ped-105_Session-temp_2024-03-04-11-07-34.csv,PedNYC8/csv/CSV_Scenario-Ped-105_Session-temp_2024-03-04-11-07-34.csv,PedNYC8,8,105,temp_2024-03-04-11-07-34,3933985,2026-07-21T19:37:34.848719358+00:00
C:\Users\patl5\OneDrive\Documents\BURE\xiang\PedNYC8\csv\CSV_Scenario-Ped-106_Session-temp_2024-03-04-11-15-51.csv,PedNYC8/csv/CSV_Scenario-Ped-106_Session-temp_2024-03-04-11-15-51.csv,PedNYC8,8,106,temp_2024-03-04-11-15-51,4712239,2026-07-21T19:37:34.888324499+00:00
C:\Users\patl5\OneDrive\Documents\BURE\xiang\PedNYC8\csv\CSV_Scenario-Ped-12_Session-temp_2024-03-04-11-21-37.csv,PedNYC8/csv/CSV_Scenario-Ped-12_Session-temp_2024-03-04-11-21-37.csv,PedNYC8,8,12,temp_2024-03-04-11-21-37,4320339,2026-07-21T19:37:34.921931028+00:00
C:\Users\patl5\OneDrive\Documents\BURE\xiang\PedNYC8\csv\CSV_Scenario-Ped-15_Session-temp_2024-03-04-11-29-28.csv,PedNYC8/csv/CSV_Scenario-Ped-15_Session-temp_2024-03-04-11-29-28.csv,PedNYC8,8,15,temp_2024-03-04-11-29-28,4747216,2026-07-21T19:37:34.958688498+00:00
C:\Users\patl5\OneDrive\Documents\BURE\xiang\PedNYC8\csv\CSV_Scenario-Ped-16_Session-temp_2024-03-04-11-24-13.csv,PedNYC8/csv/CSV_Scenario-Ped-16_Session-temp_2024-03-04-11-24-13.csv,PedNYC8,8,16,temp_2024-03-04-11-24-13,3230124,2026-07-21T19:37:34.987280130+00:00
C:\Users\patl5\OneDrive\Documents\BURE\xiang\PedNYC8\csv\CSV_Scenario-Ped-21_Session-temp_2024-03-04-11-03-59.csv,PedNYC8/csv/CSV_Scenario-Ped-21_Session-temp_2024-03-04-11-03-59.csv,PedNYC8,8,21,temp_2024-03-04-11-03-59,5231994,2026-07-21T19:37:35.028402090+00:00
C:\Users\patl5\OneDrive\Documents\BURE\xiang\PedNYC8\csv\CSV_Scenario-Ped-3_Session-temp_2024-03-04-11-18-52.csv,PedNYC8/csv/CSV_Scenario-Ped-3_Session-temp_2024-03-04-11-18-52.csv,PedNYC8,8,3,temp_2024-03-04-11-18-52,4833730,2026-07-21T19:37:35.073059797+00:00
C:\Users\patl5\OneDrive\Documents\BURE\xiang\PedNYC8\csv\CSV_Scenario-Ped-7_Session-temp_2024-03-04-11-26-33.csv,PedNYC8/csv/CSV_Scenario-Ped-7_Session-temp_2024-03-04-11-26-33.csv,PedNYC8,8,7,temp_2024-03-04-11-26-33,4170713,2026-07-21T19:37:35.103883266+00:00
C:\Users\patl5\OneDrive\Documents\BURE\xiang\PedNYC9\csv\CSV_Scenario-Ped-101_Session-temp_2024-03-05-12-11-11.csv,PedNYC9/csv/CSV_Scenario-Ped-101_Session-temp_2024-03-05-12-11-11.csv,PedNYC9,9,101,temp_2024-03-05-12-11-11,4111714,2026-07-21T19:37:35.446795464+00:00
C:\Users\patl5\OneDrive\Documents\BURE\xiang\PedNYC9\csv\CSV_Scenario-Ped-102_Session-temp_2024-03-05-12-37-11.csv,PedNYC9/csv/CSV_Scenario-Ped-102_Session-temp_2024-03-05-12-37-11.csv,PedNYC9,9,102,temp_2024-03-05-12-37-11,3973723,2026-07-21T19:37:35.478411913+00:00
C:\Users\patl5\OneDrive\Documents\BURE\xiang\PedNYC9\csv\CSV_Scenario-Ped-103_Session-temp_2024-03-05-12-26-21.csv,PedNYC9/csv/CSV_Scenario-Ped-103_Session-temp_2024-03-05-12-26-21.csv,PedNYC9,9,103,temp_2024-03-05-12-26-21,4499337,2026-07-21T19:37:35.524147272+00:00
C:\Users\patl5\OneDrive\Documents\BURE\xiang\PedNYC9\csv\CSV_Scenario-Ped-104_Session-temp_2024-03-05-12-15-55.csv,PedNYC9/csv/CSV_Scenario-Ped-104_Session-temp_2024-03-05-12-15-55.csv,PedNYC9,9,104,temp_2024-03-05-12-15-55,5294534,2026-07-21T19:37:35.566787481+00:00
C:\Users\patl5\OneDrive\Documents\BURE\xiang\PedNYC9\csv\CSV_Scenario-Ped-105_Session-temp_2024-03-05-12-43-15.csv,PedNYC9/csv/CSV_Scenario-Ped-105_Session-temp_2024-03-05-12-43-15.csv,PedNYC9,9,105,temp_2024-03-05-12-43-15,2814512,2026-07-21T19:37:35.594247580+00:00
C:\Users\patl5\OneDrive\Documents\BURE\xiang\PedNYC9\csv\CSV_Scenario-Ped-106_Session-temp_2024-03-05-12-50-43.csv,PedNYC9/csv/CSV_Scenario-Ped-106_Session-temp_2024-03-05-12-50-43.csv,PedNYC9,9,106,temp_2024-03-05-12-50-43,4879674,2026-07-21T19:37:35.630860806+00:00
C:\Users\patl5\OneDrive\Documents\BURE\xiang\PedNYC9\csv\CSV_Scenario-Ped-12_Session-temp_2024-03-05-12-30-00.csv,PedNYC9/csv/CSV_Scenario-Ped-12_Session-temp_2024-03-05-12-30-00.csv,PedNYC9,9,12,temp_2024-03-05-12-30-00,3951554,2026-07-21T19:37:35.665161133+00:00
C:\Users\patl5\OneDrive\Documents\BURE\xiang\PedNYC9\csv\CSV_Scenario-Ped-15_Session-temp_2024-03-05-12-48-32.csv,PedNYC9/csv/CSV_Scenario-Ped-15_Session-temp_2024-03-05-12-48-32.csv,PedNYC9,9,15,temp_2024-03-05-12-48-32,3155144,2026-07-21T19:37:35.694769621+00:00
C:\Users\patl5\OneDrive\Documents\BURE\xiang\PedNYC9\csv\CSV_Scenario-Ped-16_Session-temp_2024-03-05-12-45-54.csv,PedNYC9/csv/CSV_Scenario-Ped-16_Session-temp_2024-03-05-12-45-54.csv,PedNYC9,9,16,temp_2024-03-05-12-45-54,2618529,2026-07-21T19:37:35.716648579+00:00
C:\Users\patl5\OneDrive\Documents\BURE\xiang\PedNYC9\csv\CSV_Scenario-Ped-21_Session-temp_2024-03-05-12-23-30.csv,PedNYC9/csv/CSV_Scenario-Ped-21_Session-temp_2024-03-05-12-23-30.csv,PedNYC9,9,21,temp_2024-03-05-12-23-30,3380162,2026-07-21T19:37:35.744280815+00:00
C:\Users\patl5\OneDrive\Documents\BURE\xiang\PedNYC9\csv\CSV_Scenario-Ped-3_Session-temp_2024-03-05-12-40-19.csv,PedNYC9/csv/CSV_Scenario-Ped-3_Session-temp_2024-03-05-12-40-19.csv,PedNYC9,9,3,temp_2024-03-05-12-40-19,4395634,2026-07-21T19:37:35.779993057+00:00
C:\Users\patl5\OneDrive\Documents\BURE\xiang\PedNYC9\csv\CSV_Scenario-Ped-7_Session-temp_2024-03-05-12-20-16.csv,PedNYC9/csv/CSV_Scenario-Ped-7_Session-temp_2024-03-05-12-20-16.csv,PedNYC9,9,7,temp_2024-03-05-12-20-16,3905597,2026-07-21T19:37:35.811093807+00:00
